-9222795064259340703
-9222684417357362185
-9221072705575296087
-9218213995106751045
-9215851058615721022
-9214709898044722725
-9212907690528298474
-9212409254155893428
-9212087539732965590
-9211094705377385896
-9210512247915043323
-9210485314152588093
-9207504695255389480
-9204326663037151186
-9203970572305832620
-9202255293881613367
-9194563040040087843
-9190255668244878698
-9189372270198950256
-9185006746082347238
-9184140429257136989
-9181917573197390621
-9181860642445314365
-9175820647960811405
-9175579635168434069
-9172753346902727457
-9171474546296535022
-9166582203032952241
-9166136267204078601
-9165700129536376957
-9163510960342225169
-9162101173991370408
-9161623944184988136
-9152692192102250964
-9147991292118610122
-9145618316104277967
-9145449731734317519
-9144835324801220929
-9143167356373410899
-9140828319873800441
-9139218382358159775
-9134264996270043384
-9133745555460419319
-9131422455625551169
-9130853124924760312
-9126449467922028253
-9125271939104910775
-9124855024034573907
-9124408827444883721
-9120001709352547915
-9119583301654269144
-9119399519773205581
-9117629394018023074
-9116984755923754251
-9112169602711817596
-9112064384745592143
-9111712106151788711
-9107294718900984251
-9104420368891085685
-9100655097297929939
-9100010935710078217
-9096844843230869581
-9096830828518933596
-9094969398704102268
-9092954702849418963
-9088689046357608760
-9086586271485219684
-9084839496286331847
-9079740033440108243
-9078582852321433308
-9077950921180684828
-9077108037878802627
-9077007750301620804
-9073497148963275978
-9071170633057198757
-9070872360235524932
-9069298756914423726
-9066072003244391258
-9063747178732957602
-9063103756278786817
-9062367792010714987
-9058662787689306433
-9057771999411282559
-9054960017734895256
-9053349109205660112
-9052843267338564530
-9051864601495272918
-9051694261948414972
-9046984093665260268
-9044124542671760725
-9043156040839040226
-9041131898386823008
-9039733692198082202
-9039223057606623708
-9038890785939311572
-9038058128417909976
-9035091094906246724
-9034045069466838478
-9032726175259804463
-9031951818527847028
-9031526396690542052
-9028377479443451832
-9027153518414916475
-9025907649021690321
-9023517635419049621
-9023328002800025167
-9020964918678204359
-9020899555265484282
-9015487799695965113
-9014934183778433545
-9014268046181076392
-9013482592786497548
-9003640166848582192
-9003369354475328402
-8999286284457679044
-8998670533174541916
-8998007461998216198
-8997618551815204780
-8995722241456262169
-8995041947720821530
-8993825267210153962
-8991229860175314163
-8983165685326030455
-8982474174239626266
-8977060319058388111
-8974987163060435581
-8972870465960355914
-8971013932276081611
-8970879365417102725
-8970596303595911808
-8968710329683231668
-8965923992083843245
-8965092878893011759
-8964873677174839434
-8964864158462604577
-8963646575365089737
-8958911282686726032
-8957967145367882233
-8957919317174033619
-8957720593203138539
-8953432323969824218
-8952945085140913521
-8951128228593419895
-8946706061046875861
-8943761352659264633
-8943656180884923991
-8937796954552092254
-8936635567088510495
-8936338433854718278
-8935053004026415300
-8934381750986780922
-8933671877680126612
-8931565574698478924
-8930321406977941441
-8927686368766207202
-8926965313928897362
-8926273742586847391
-8926236721187787290
-8925310150609894536
-8924564339734967102
-8923534822854607162
-8920406051440972175
-8918463054314487395
-8917343712436360755
-8915340150202752693
-8915100375821506892
-8910338294213436810
-8906500157915056517
-8906173827617453221
-8904731321203349032
-8904003096619092548
-8903687185359721922
-8903537230945337487
-8903007489625733556
-8901286141149857672
-8899233249582129622
-8898748348805875352
-8897285854543029749
-8895710570285238441
-8891973478323545482
-8890364901312471430
-8889702023471191040
-8885843262195567584
-8885791171124780474
-8882580051665834691
-8877564866590390261
-8876379056230047038
-8872455193299252221
-8870363712049760829
-8869067536500390347
-8867412256834054070
-8867060293787671878
-8866517889141921914
-8865858902322730276
-8865177679923806151
-8864941456329417856
-8864242548570674042
-8864077690009135498
-8863909300749287481
-8862857337171704683
-8859223519734781303
-8858983223370411037
-8857817579802434628
-8857235736083431600
-8856156839708849705
-8850602710799381517
-8850508106816823831
-8848863728470430399
-8844286656176947306
-8843171807320913414
-8841047378604040358
-8840563477530966591
-8837689223736851546
-8837589202214159381
-8835408658396892272
-8831773405127266812
-8831664824851110042
-8829509591001200119
-8828651406414226092
-8827293861910313274
-8821298161534986983
-8816318986856219345
-8815762840643024619
-8815667755299587014
-8814539351248897155
-8814367167036750232
-8813496938714674169
-8812905303094986385
-8811543812008000687
-8810028380568532268
-8809661527688168471
-8808853204647539884
-8806765244644340643
-8803518366439147354
-8802207528972738489
-8801725458326756775
-8801420594187552326
-8799496694741097899
-8797947727122279742
-8796582320117969234
-8793275433073949644
-8792816917337435481
-8790419699029480755
-8788661014190671060
-8787858550072823550
-8785909679504441744
-8783735701222184589
-8778199661104572935
-8775882916166628737
-8775826393470063655
-8775516188556184598
-8774058719858508744
-8772048713811916891
-8766698065337033178
-8764772834372212750
-8764532232387288052
-8761630888292347177
-8758662909139051021
-8755324043655692775
-8753728907571409257
-8752956980512257632
-8752666402293314569
-8751415785970261306
-8749488553891596271
-8746006360447559928
-8743066579831243885
-8742813080687162444
-8742775848533700715
-8739326497641343838
-8738418148709408036
-8738145140475269744
-8737885653620489281
-8735371373397874878
-8732325806177659149
-8730293306544696987
-8727590745366104365
-8724475241734444088
-8723260326030598740
-8722218223328743112
-8722077499071573380
-8720399353599936145
-8719191484213865022
-8719182990009802361
-8718802011413712952
-8713146700557082874
-8710157854651122414
-8708947498152684666
-8708714052842241968
-8705722523699680669
-8704442480614528220
-8702080933123457704
-8699641790157051887
-8690022903569466992
-8686232340797960811
-8684069027749644831
-8676933560447940442
-8676351589652972109
-8676313831549589552
-8675295150998894171
-8674977905499556548
-8673843212785645405
-8668649653233615484
-8667070559469261991
-8666902165734847989
-8666555646372401370
-8665596972173230336
-8665478774843848502
-8662680603009463959
-8661648439798126845
-8659532375060733043
-8653199280980217355
-8644025221371909675
-8640469111967766971
-8640324375171739385
-8640320908220179872
-8639618930864969333
-8638887199162397586
-8637477059974195377
-8637286635892021832
-8636222667770535484
-8635816177521915423
-8635285277035132547
-8634580800586831614
-8631013419758296553
-8630773389224032151
-8629278967156675873
-8628591644888278783
-8625876123560067708
-8625094314204884335
-8623519706658554489
-8621275714355357917
-8620481720854868571
-8619016320947165796
-8618239707851194806
-8616102538792616281
-8615818909993873410
-8615641890307792285
-8615387650978685452
-8612609886102023556
-8604500329819780273
-8604362568427433029
-8602898377894867339
-8601140544242560940
-8598020248321238899
-8595883429776283667
-8594071204866481002
-8593620275691936163
-8592404723407524584
-8591622531124982948
-8591050501823688241
-8590909342026380330
-8588323020262976708
-8584011863384731068
-8583139849276296396
-8582048782112183283
-8580407331478149349
-8580100911480031998
-8578367595849657607
-8577023223174692725
-8574630738704853600
-8574284108220669736
-8569586177318796316
-8569247644543801299
-8566397029878296851
-8566382748122257414
-8565942151273094307
-8564808123342805210
-8561810060431089951
-8559862303548558172
-8559745370008883448
-8557177387548453745
-8556863184299371268
-8556425839584885504
-8555473766964786887
-8555253093117665946
-8554330522947572299
-8553400433014567246
-8550489307976949492
-8548084132907749007
-8546490371700117097
-8546300199480203611
-8545155963655883190
-8544214566732888000
-8543519482528316510
-8542212480215860395
-8541543756501325814
-8536970883336358979
-8534244027080781599
-8534168901591523257
-8532174374749549637
-8530161827841643055
-8529272584425157184
-8527322864181098603
-8525718681315225995
-8523018800697143421
-8522636895152399196
-8519228180435383168
-8518863513257473479
-8515091940071924184
-8515069277249575475
-8514329745094512942
-8513667546068349944
-8504988037580032720
-8501893664815560063
-8497463987545007275
-8494421305004089133
-8490490134253893501
-8490020837722381477
-8488625851114932914
-8488561191396998979
-8487507284483880760
-8484868023876901426
-8482643356928439145
-8482216308507094292
-8481539824755952142
-8479310445750154857
-8477883025260988217
-8477721747403180272
-8474658477881419408
-8474009948451914887
-8473033570640609632
-8471850120140768801
-8470279834548037978
-8469026217348575092
-8468468093573244590
-8467540360855126914
-8459281157872091894
-8458020639239254628
-8452607326949654481
-8452599371409656163
-8451741333003872639
-8449409811068282230
-8448729846512649301
-8448382983638777926
-8446510666430196062
-8441109100156393866
-8439643749360267265
-8439250891081850123
-8436760238696599150
-8432329462037964530
-8428781613859474535
-8427858456956713181
-8427718368400525221
-8425940788875617995
-8425172272203984904
-8422053736340642437
-8422053236074057409
-8416890474818454907
-8416478633159096102
-8411635219605046229
-8410294403985196250
-8408759738487723017
-8407339785347947418
-8403310907621239435
-8400921805468245222
-8400137044046940338
-8400096322419163845
-8398567054379277524
-8398534715313806077
-8396272072305702126
-8393874094160351560
-8393159787127304504
-8392025733948018470
-8390005037679581521
-8385779763388620266
-8380888577536708124
-8375536971203475388
-8375178876635880400
-8372595587877760134
-8369960931164548290
-8364238393394552538
-8364076283930622955
-8363381394224596583
-8363116497313923263
-8356111983900273438
-8354522607392089608
-8354048647933180153
-8351787052767821511
-8351653617712738037
-8350556572490659401
-8350188742572945521
-8349664112833918299
-8347358604826549907
-8341563279778831034
-8337793896879638547
-8337359523599591161
-8333252995165992020
-8330045823142998367
-8329026112936457632
-8325247134480020996
-8325240614858098695
-8321565898592812157
-8321111253675628413
-8317414068051992394
-8314842298560238905
-8314381374521302799
-8314321261672773316
-8311522916129816858
-8307167292386344596
-8306411104010069107
-8305479150570924516
-8300866848748728959
-8299751323849445557
-8296316057052447330
-8295437692435272570
-8294215529031179401
-8289725621900940721
-8284327002748818594
-8283347986745768589
-8282383205575872159
-8280564634128241646
-8278682525074716296
-8277649735470999160
-8277121234036487189
-8276890475134858639
-8274179672215873984
-8272721597291208756
-8271523630241352768
-8270186934027815638
-8268775221880530028
-8266113691893524449
-8265477478131194254
-8260529514110892417
-8257793443513963829
-8257451450186292350
-8256842862437241103
-8256028765919747347
-8255942164493352696
-8254664968236369360
-8254353919839250415
-8253453310191711511
-8252711530869939025
-8248386736456728373
-8244490552096107887
-8242253315684324951
-8239219571863573288
-8235878002192639150
-8234259981350553968
-8232713677232476046
-8230791975848641229
-8228851973776241392
-8224432466554735655
-8222249045614721422
-8218318654475138201
-8217870218175121103
-8216279455950777244
-8216163023078098872
-8214930446356884556
-8214510214701518828
-8213090249258584689
-8211798755082767935
-8209037130653848199
-8207774015800226713
-8206386824103167492
-8203645957986275227
-8199297902244311204
-8199187496350480457
-8197382694561305140
-8195191000200395895
-8194787150111875186
-8192979003078240981
-8192650729437012324
-8191288673372334173
-8189426256493434413
-8188015045022297614
-8187913015164200118
-8185997664981667665
-8180203089970215918
-8179219338213300102
-8179078133266865536
-8175567243008804904
-8175279197960259824
-8174959790365347266
-8172958154093325819
-8172520436436487125
-8172368769900572046
-8171789417995735327
-8166626823977644451
-8162544894613157398
-8159327540991327676
-8153605556618847569
-8153192656152408774
-8152760586595283492
-8152307718847484822
-8152063048202743846
-8150960463954239244
-8150407756729512382
-8146270454308417381
-8145780206457271475
-8145428412558083173
-8142680185194683775
-8141929190936370095
-8138926708220759731
-8137761891993163007
-8131442560812331585
-8131325395045957724
-8130943873519135677
-8129277461489217200
-8127723872575975747
-8124716000597849528
-8121725422295888749
-8118735884384833146
-8117390219593334556
-8116400906396834917
-8112539299402926523
-8108186720218199899
-8106484279379168040
-8103321615271372912
-8099285718799037178
-8097417764923880237
-8096756684798435713
-8089876520562978730
-8087512629913079136
-8087407509528289642
-8085544135049140061
-8085362127747227003
-8084865608052600009
-8077135940299055730
-8077038849467201575
-8076621755095733264
-8076269779687841145
-8074629030396225103
-8072414000468066890
-8070062248421485200
-8069337151507837669
-8065648561162154414
-8065108568269471443
-8064991611012274260
-8062780244253138193
-8062439053262214205
-8062324165416465799
-8060361468438034081
-8058551882817696633
-8057639380069430605
-8057381401652603523
-8056124139099757104
-8054720879871594657
-8049753022227438094
-8049476395484399000
-8047922250949863397
-8047453723151950298
-8046220397803952046
-8045341218252915624
-8035425446007248589
-8030908727563635241
-8030206251258173809
-8029918115833921703
-8029476903870804954
-8028252402084118910
-8027911990850933328
-8026931849347307786
-8025161014056042062
-8024164226732126282
-8024051527564223111
-8022265821573412159
-8020840649782907374
-8018914563888295870
-8015899696966287519
-8014138537595295794
-8009623730880008879
-8008652164456211559
-8004682423768631165
-8001583081968612319
-7999264951232801270
-7997432554666039929
-7992357658948409997
-7990379089826235692
-7989210171132286627
-7987353892886454186
-7986976410771207143
-7986771255093427012
-7979866938143027587
-7979691452763705772
-7978619746357552006
-7976123205501366355
-7974334464955087374
-7973944864074730636
-7968070619839278137
-7967439421527119435
-7965428189653271908
-7962549325269084937
-7961639750549128309
-7961633036509108258
-7960745120728548417
-7957125978091649071
-7956486403306253138
-7953974290511668514
-7950031734154663964
-7949645325147182023
-7946664167938088021
-7946413175897725824
-7945287875528175790
-7942496612226233824
-7935788285807621262
-7923373792206457441
-7921874100934788668
-7919252898732845474
-7918698788871273921
-7915538564137736115
-7913766664935534065
-7912571596831875643
-7909515465063001247
-7907669279543326479
-7907325911456850356
-7906094484771458851
-7905977710152496417
-7904835556617103722
-7899416688968639179
-7899185222782404414
-7896882183255367274
-7892553354963334388
-7891314964289103247
-7884181780940522384
-7880519835060021567
-7876033023214123916
-7871580658975886357
-7870874347627700435
-7870244244819683329
-7869843286252782354
-7866945590254498421
-7865749254221767944
-7862945965478436658
-7862768759233371397
-7862564994826574338
-7862108463962684883
-7859833255332077523
-7859373924844621686
-7859035884237587272
-7858751004414310678
-7858283363070779946
-7858126078845623404
-7857030330433888661
-7850808163611982024
-7846973141856309705
-7845503200447883251
-7844846253292137652
-7844450578270059220
-7841995143875713167
-7841325369261166417
-7836550599360549961
-7836153253808788429
-7836030484996451112
-7835712955315203911
-7834191954554028208
-7833393678184686257
-7831535082251924836
-7831159705419191190
-7830505974783747317
-7828749162816429097
-7827881308348877490
-7827062355576894988
-7826881273391895914
-7826743101026019320
-7824656763186578255
-7823264295609914232
-7822648147975962487
-7820056111276354809
-7819913290480089874
-7818069903197536349
-7802607278431412804
-7801962733077871450
-7801886720344127554
-7801769524413759315
-7800525300190451450
-7799405986373380223
-7794512867171456698
-7791077807456147368
-7789471972605856748
-7788024791795338067
-7785745974386645167
-7785091066111484378
-7782061589910072353
-7780993707874891367
-7779267807670925566
-7777639429219541863
-7777281302321378779
-7775244138842025576
-7775113862485977356
-7773036068208659183
-7771450198150030146
-7770313135736607175
-7770171871250006903
-7765255773815197018
-7764726093148403609
-7761849568964770474
-7758805729648289632
-7757137545517152629
-7755786603887485301
-7753681557046815357
-7751222239561954428
-7751168321948224280
-7749992877625855790
-7749002087911425908
-7745424602873297277
-7743177174135084371
-7741410244771460939
-7740371635061568348
-7735071140549745251
-7734743040702293078
-7734742568498812460
-7733617243758329094
-7732337553194065765
-7731435109080061629
-7730754373821240697
-7727549031089602386
-7726917419622515139
-7725110084514750012
-7723291116798404322
-7720730431255295140
-7719076284019738276
-7717286224793060923
-7715139822366071222
-7714160616300125086
-7713378911262445613
-7710520821822392455
-7707897033722515763
-7707383065578348003
-7705752729416924623
-7701677400179685229
-7701674689661308921
-7701058390060488552
-7700674317093457376
-7700535175099391488
-7696364649111800059
-7695742377777933692
-7695402671271490396
-7695083094573296992
-7695068936470010077
-7694273580895236142
-7692989951732544930
-7691953710588560779
-7691259542816378277
-7689653371149901632
-7688111122847752001
-7687576988597053344
-7681732878288570585
-7680493232789637935
-7680161373499097025
-7680031068091685400
-7674710209699336954
-7673613161136458672
-7672651533198227527
-7671499398375048508
-7671142358952261666
-7663735196637491664
-7661495829067604762
-7660330282988277678
-7659731101315977779
-7658931619640511283
-7656989322982553975
-7655945299050467738
-7652797266762349696
-7652677298285606422
-7652374884255234216
-7651247983422544733
-7649009314607394189
-7646173593826013675
-7645771207836370248
-7641190398567414238
-7638299603425667273
-7635026146671106956
-7633542932809168953
-7633230251220066608
-7629362846269064189
-7628340511934932285
-7627419280077627280
-7626041631812145067
-7625701339307651874
-7622904253066317086
-7622382783614894640
-7619721950481635495
-7618405683661492703
-7618367454787129839
-7617345608487691776
-7613420808154287540
-7609803586057208217
-7607942901763038199
-7607410919622536923
-7607098193562960684
-7606881967523994985
-7605667303029604744
-7605499083003716200
-7602637922890375524
-7602608923602065775
-7598874684121419341
-7597525520702645737
-7597413488528832968
-7596208980889138529
-7595500745961695359
-7594438157166857666
-7591637254869461269
-7590419013047535229
-7589998713797265681
-7582051776983093817
-7581521643288999690
-7580789233012827471
-7579966304826325369
-7576841871120127428
-7576024297370284723
-7575129915931789073
-7573533395981640305
-7573300203739380942
-7570263105109552713
-7568591637751456786
-7567463472758295223
-7566879588757749821
-7566093595653429978
-7565732174217979100
-7560010743576666248
-7558593449764181296
-7557589696841534203
-7553653870100840511
-7553145358264802287
-7550648227696077425
-7550602609919777914
-7550200688831788426
-7549458914126831656
-7547177387180617819
-7546779189878819859
-7541280142762284147
-7538414965775761484
-7536507642179852929
-7536228298325117864
-7535253751152888457
-7535064048292713275
-7533989045165435579
-7533745641590986792
-7532845245262333738
-7531501276438208966
-7531379584129560075
-7530872468770510437
-7529124056987092418
-7527712674901326864
-7525202758727060656
-7525071230807576454
-7524973289345610415
-7524267366145943938
-7523511562115227585
-7522864446219022260
-7519240754764269710
-7515708061503871152
-7514182286666564972
-7509164866252490475
-7509124036736382374
-7507952825946341969
-7502877246524298854
-7498199821434831458
-7493336090931000775
-7493195735013270795
-7491757372428004625
-7489704109081248521
-7489406565900319455
-7489337437264467156
-7489085837916266241
-7487567051859456719
-7485998288873771557
-7484959251447592481
-7482742622335483992
-7482459573947088848
-7481886771399784486
-7481571509171768330
-7481285295426896767
-7480971830251942312
-7477012105400920547
-7476937618827392874
-7475478126514769814
-7475065104218182044
-7472347999878907944
-7471250387817383625
-7471050720182217127
-7468043732512408565
-7467790511548852432
-7466587662335348798
-7463894778122845846
-7462126211933474526
-7460137084785688498
-7460003437558664320
-7457243637189381226
-7456392356615579862
-7453863432550491309
-7453252836393362569
-7451751734422133943
-7450037307996877872
-7449813276412918690
-7447358497552646979
-7445226526151663567
-7443461488328624614
-7442608104537114685
-7439622473138892074
-7436896149987274630
-7436009824521724965
-7431232192829950490
-7430070024680230126
-7424142677337602464
-7422029245896712715
-7421927240967396355
-7419488582053878889
-7419029020455229469
-7418443826933374325
-7417126730516879252
-7415323591132275605
-7415197625355502700
-7415182710507843714
-7413853865193190543
-7410586736738620259
-7408929135358315930
-7408674214420844260
-7408198986100638275
-7407439633441994950
-7405180369298282687
-7403429575495668728
-7402930133544305707
-7401992046296920064
-7401692323700829157
-7391326504486442298
-7391005058585436571
-7389838363120507597
-7388711312753362251
-7387925185638680515
-7384792659803553131
-7383527485662648311
-7381674877983050055
-7380828842617666708
-7378944658969858903
-7377760343074221403
-7377580351409434394
-7376341820870527360
-7374411284347546105
-7374386587252531288
-7373215794294683564
-7369673216663112295
-7359943386939798105
-7358759175994743790
-7358534613867285274
-7358073359691807414
-7357385352015637095
-7356429474283550341
-7355809119875420827
-7350629946384944617
-7346606032831247587
-7345575305261470279
-7343276240390426304
-7343103294740444116
-7334429212869403973
-7334083276992115811
-7332628947976449157
-7330858358336598955
-7330759531655009620
-7330203929856949620
-7328726245590030248
-7328656043311181334
-7325306610928191654
-7320800310224998197
-7318535723706062062
-7317888660675332946
-7315123113449333132
-7315089701541350823
-7314578224389653607
-7310419668889574038
-7310259354288741067
-7309981424828235783
-7309386731407489206
-7308083660329952253
-7306568518512924106
-7302434864514850035
-7295959688557931275
-7295714749359939775
-7293798231146798273
-7292947415046684620
-7292407443925837469
-7291741750851884050
-7288933599899903263
-7286298881963690793
-7285374225332867038
-7284295304626594791
-7281978637179625595
-7280122421430419094
-7277796734419512166
-7275593165302651502
-7274975579365175420
-7273635314797128257
-7270753557877920662
-7270115041509272789
-7270086602483148340
-7269306778973343078
-7268941676583048274
-7267360773578904464
-7267108644881846831
-7266650374541200480
-7264088590301257879
-7259110288377653162
-7258954894523717562
-7258415246962985842
-7257984278546965709
-7257090734808241011
-7257086143539249558
-7256952541530394645
-7256603373853637538
-7250194215059837505
-7249243118050430487
-7245508605826446651
-7244821510096413392
-7240582357478746883
-7240208508560462349
-7238798708560477493
-7236555310356773277
-7235679759152969290
-7235534313907475141
-7232911051033222655
-7232443188682446735
-7231887011386802333
-7228617417248441968
-7225655095266495246
-7221863002809113853
-7221502537948287471
-7217239767106836173
-7211482818261422256
-7211215526804631208
-7210466451521385229
-7207245610623497535
-7200569539774595637
-7194185183731594647
-7188577715537342432
-7182170663218641099
-7181209015447976388
-7177518740765005058
-7169225917167096081
-7167581869078009310
-7167104640676967304
-7167043272280606765
-7166662422368820926
-7162690482384445439
-7162130236656473530
-7159322215598167434
-7158635921279639847
-7157977114587209333
-7156843544130443074
-7156254200327020698
-7155778287915014314
-7155620274469473135
-7150929391264839470
-7150797857626018118
-7148629453274103346
-7145539410966706176
-7142219429515428957
-7141058176512892537
-7140056465079350358
-7139293363310040662
-7137820949401998143
-7136541214716371503
-7135481040140136378
-7133212277168308343
-7133207390324423896
-7120562612381587673
-7118533134748481409
-7118076652694902980
-7115595424883635926
-7115392014676438445
-7114996687613464118
-7114687453449196012
-7114590995645886762
-7114231519847842754
-7113072889087334920
-7112865988106890029
-7112774830108954683
-7112199346429749496
-7109717989551292689
-7107793273807739783
-7105147802839195794
-7102826414374448635
-7099116016672290904
-7098807489596158432
-7095885059896812358
-7094383295759876895
-7092143903243139644
-7092054405566113163
-7091918348831739607
-7090044580226136344
-7089369053125172142
-7088610728753919036
-7087588287239688529
-7084397500272266348
-7079937211433828800
-7079386738278085099
-7077694447415227817
-7077174342272994871
-7076230494846135479
-7076010163585064398
-7073021734884409722
-7069334531584447865
-7064854416584832192
-7064122429373107560
-7058250100086686115
-7055847249959283353
-7051603750826767655
-7051322097714180082
-7051112426600141957
-7050811341506669168
-7050804643132872073
-7049866101380402039
-7049113393340603199
-7048660291356675982
-7045066187110186160
-7043375476916030565
-7043139776001267602
-7040823181651638088
-7039359245246061186
-7038363057751010464
-7037943745775091820
-7035595866820493958
-7033845342832920748
-7033642378475318067
-7032724222694385266
-7032225475697000074
-7031600884275676798
-7031259704618573260
-7030951370231739391
-7026719656344198680
-7026467711116381549
-7025403957288271048
-7023145037804188063
-7017693553303130861
-7005295411214429286
-7004789873618442609
-7004204600980926361
-7002865614098938098
-7002599445622448731
-7001934979660602501
-6998246728353498494
-6995923678864268301
-6989040897220476249
-6989040865965129262
-6987991060986014043
-6983760106977783257
-6983515046506654654
-6981441839924118162
-6981105583598568564
-6977800626875018627
-6975590477086061729
-6970482916009522585
-6969813005855706819
-6969581184728042134
-6969311217060650056
-6968010567059867179
-6966922384146466224
-6966622946017967237
-6960370123617239837
-6960075386208825553
-6954465514306563729
-6954165719099945018
-6949901363443643305
-6948683136786219459
-6947704953522177041
-6947459741022793563
-6946365712194932339
-6945925132659677327
-6943452737589131176
-6942721430021849649
-6938362639510384080
-6936457688897281513
-6936304638722416846
-6933324273618875532
-6931852231083093491
-6930907110126040899
-6930627379786055496
-6929770870631932083
-6928583982127680037
-6927183703323725934
-6923160373737607517
-6921804674326731538
-6921570333050141456
-6919784381743332997
-6917480494390611383
-6916367378213858146
-6916318972727882984
-6915373976409349525
-6913953664614721657
-6913560093736290550
-6910411052250859738
-6906715183679348746
-6905683277809984514
-6900942385192755182
-6900769898591833178
-6900747447475412249
-6898342672341161095
-6897751388806549081
-6897065531319028585
-6893656841718761451
-6892248505755421334
-6892246455649348110
-6892041731786677040
-6886596719945904368
-6883316866087501992
-6879624785689784539
-6876444805063567084
-6873551272806849241
-6873220634711100536
-6870157541006166028
-6869639672799262284
-6869172428482297594
-6868952626901730432
-6867602618685241700
-6863185754619828626
-6863059539626815531
-6861573744043332554
-6860530958964185588
-6856681231772433511
-6852642172486699856
-6851784909547061305
-6849384752774300866
-6843330532060007907
-6842684027467308272
-6842639459833416287
-6840464045660734129
-6837806585261446587
-6835590980620450777
-6832328679927535770
-6830105907000152050
-6826492570824819970
-6825515316510301295
-6818556660515311353
-6816721112294180549
-6815663156887339467
-6814913646885663190
-6814679657286715522
-6813489929853424993
-6809063409149725075
-6808085619612955512
-6807298577783338371
-6804561707187390934
-6803483192930180177
-6801326926712138611
-6800897471688772408
-6798969082374741832
-6798158551925369337
-6797291991958790943
-6796655936600268319
-6795783392841410408
-6795621420992117148
-6795257619350900354
-6794928235572453940
-6793534380443760377
-6787174208518041756
-6786765446147868753
-6785280276325359731
-6781788514773277601
-6778370214989884390
-6775733364062405446
-6772316211393605322
-6768946542319689305
-6768493104908002875
-6767594868657413816
-6765940612033304627
-6764662588808567771
-6764633932379955532
-6763644605554879268
-6757538570863989092
-6755049095659469744
-6753661572027175581
-6753394947356625894
-6751793860522327539
-6751073419839564289
-6746237660310007193
-6745910125344153777
-6745598233685219475
-6745160062179127355
-6741892341449643775
-6740652672423301622
-6740250623177084863
-6739204145500543558
-6734859053850543529
-6729110093138008715
-6726405905356153485
-6724875522005664908
-6724645071244460174
-6724580130748419634
-6722097607398136106
-6720031096077683957
-6719759666548210959
-6719137357868839564
-6716880036063155069
-6714924881152968585
-6713549978194476543
-6713252510674735980
-6708071351989055641
-6706195568392388032
-6705525878720559211
-6704847649403269736
-6704565894823732479
-6704551922429529491
-6702397355900063956
-6702374399947414202
-6698267942864035032
-6696461888813669765
-6696134789435721395
-6694958152198897246
-6694032216359779264
-6690495315560745681
-6688287737977445172
-6687210587077695300
-6684516601450684263
-6681933304094112485
-6679987758458605216
-6679621611970160854
-6678550714392589926
-6677820132878967222
-6677019304812072432
-6676759212737787298
-6670889933736091602
-6670062027474396209
-6669507704478472055
-6669396640148990340
-6660402981899933198
-6658118081362353696
-6657264704587685410
-6656618933084363962
-6654257003450384526
-6654255263761467867
-6652021578412194341
-6646509680515295921
-6643811719964500255
-6641857682094386934
-6639903035338338807
-6639562936985996269
-6638476431895246558
-6636765079526973418
-6634311435674543433
-6628124280276283730
-6628038041345112118
-6627780201278590514
-6627500434898182892
-6627069795341108901
-6623164149052876510
-6620285720803731467
-6618604263118537976
-6616229445960979735
-6612043182019136282
-6607533863892772431
-6604213886208391944
-6603513595472326703
-6602845401109648996
-6602215156984599061
-6601461213007802379
-6600064952220720350
-6599002621635271796
-6595733295628233970
-6595627478519563789
-6593194226309415811
-6589808894727193966
-6589240152524791603
-6588433517187142071
-6586011427533788855
-6583726656132117501
-6581954571828978590
-6581008485349977991
-6579150136212191351
-6578260759257176739
-6576578860095577636
-6563359932738159097
-6562453414100362888
-6562261810612033577
-6556848317062535251
-6556693419384020145
-6556160086261617544
-6555303556652167210
-6554443630904514552
-6553940509960889978
-6552485730043387376
-6551487559470916743
-6547680422603081579
-6546908562262853975
-6540123475678749469
-6536958887077837489
-6535062979453529742
-6534078554903635389
-6531380359737757184
-6529233387138773296
-6524461735177136422
-6524025642437144710
-6509324233309727561
-6508264683608359662
-6506699659089115930
-6505321523870630059
-6503903470646047344
-6503622563454442623
-6502258096884749535
-6500273630038659785
-6499478863923438231
-6497146895521344969
-6493649954327358592
-6492628273797646926
-6491685866755024039
-6490201562804615522
-6489824152984728169
-6488795403080388754
-6482326046491044609
-6481919618788807877
-6478651719054562904
-6477204881186120395
-6473772874662103006
-6470199645103656798
-6470077062270939254
-6469373988089067663
-6468707663608544341
-6466587796396336906
-6464746742203913034
-6462552986099738525
-6461313323323806408
-6460726342731061365
-6452754246409659260
-6451776804604219183
-6441354068245117585
-6439951954885175167
-6432284355632653334
-6432195215867870469
-6430695865636690118
-6430357163374574789
-6429552236424866196
-6429151910518860984
-6422459434390569142
-6420944129152017337
-6420408998567684757
-6419562656252079203
-6418499549445624679
-6417831918926451540
-6415822969862698256
-6415202209332035649
-6407855666266156432
-6407798186405051023
-6407720308788728128
-6405360702939575908
-6405219527772650684
-6404493621367441212
-6403826120352532906
-6403006778456604047
-6397627972341867381
-6396032553460771716
-6392960887474811412
-6386607732096529741
-6378369412276051367
-6378311812267089964
-6374924449875273501
-6373735245486071183
-6369870245773038407
-6369512025727406197
-6369356866114156158
-6369340632221312249
-6362932684064018834
-6359543448611375299
-6354536085018702998
-6352378376327989202
-6349935082766195265
-6349424818165394266
-6348644064976995761
-6341082713379057284
-6341077498256581011
-6340331489931781121
-6336415523917335280
-6330658579029539551
-6329067794668086810
-6329009990605097350
-6325561649724924072
-6325494521485117039
-6324337760702847322
-6321599859865030402
-6321241709282094338
-6320544128661196392
-6310111161207330452
-6308268642620836956
-6304644893867031201
-6300988378492460043
-6298236760710842663
-6298158704064404757
-6294999039155610800
-6293934591225209671
-6293709648492425865
-6288022088089809930
-6287998433529511422
-6286528480403195885
-6286356891659644140
-6284201751124795212
-6284106003724403394
-6282000232394428238
-6277352612601942115
-6276755357076219872
-6272702958984535401
-6270585164271834821
-6269631375768154032
-6268416663451998839
-6264921357004421678
-6262649600878691130
-6261429814023491905
-6259187410185065197
-6258867460848110849
-6257906086762817184
-6256606571482641629
-6256265755212780609
-6255605186738974085
-6253957687949132469
-6248676081499793988
-6246890177058355967
-6242772903291099676
-6241928709878957828
-6239820258896584065
-6239454697507379337
-6236187132296396992
-6235558333309216861
-6234065353515282570
-6233261874901667165
-6227204611329407065
-6225902941042751440
-6225079751627888488
-6221742890236228507
-6220987085260228676
-6220968776012941054
-6220096650796682807
-6216161594164832872
-6212413404767241688
-6204116191396263605
-6203527763581909437
-6201544151439327941
-6201537623802870228
-6201262967077328740
-6199238497222028481
-6198501371224964958
-6196577370401443620
-6194948777658180659
-6193393905651644922
-6193257576311528741
-6192112628834970794
-6190717925412169604
-6190033684208293024
-6187951979001530443
-6186974387898873311
-6183748957629616537
-6183669371221389951
-6182268660232456988
-6181630374785083007
-6176598455248404053
-6176581193134682438
-6173878551156436923
-6173203513798886668
-6172957530239659188
-6168466890249980744
-6165279651573453630
-6164824821653830123
-6164129805252906909
-6163839801163942189
-6161792172900852094
-6158855350676940794
-6155403092726207118
-6155279382115411231
-6149127239246745395
-6146204029749016245
-6144705537793838742
-6143170222828104510
-6140949912119832553
-6140375812891905118
-6136979010712399374
-6136448256251693272
-6134146970332020727
-6133354481467663386
-6132132138555864231
-6131849698777740161
-6128053163898561026
-6124553582274223018
-6124488438996102894
-6121945305319130788
-6118430648093628620
-6116492859382616587
-6116429065954927980
-6112591160183149571
-6112191298460632786
-6111090872598866444
-6104728498566421545
-6103237975040315548
-6100284025023830569
-6099225788234510152
-6096294666303344936
-6095103650885658854
-6088604305276679520
-6088558992474692354
-6087641028680082062
-6087631013679820105
-6085465624788000708
-6081998880294666586
-6080929876241955738
-6074199642999999717
-6073830791672846680
-6073591612121504283
-6070816292644324427
-6069838989502724861
-6067946945469272780
-6063840104041303094
-6058923213953259618
-6054640397213130736
-6050450523141779782
-6044312163102181107
-6044225965860075988
-6043862744911159494
-6040421041788093954
-6038131722344652439
-6036239535367409874
-6034993108182199172
-6030880845878045225
-6029657962216147066
-6028627113592587527
-6027195215201414255
-6026221926752259622
-6025803444590277396
-6025685723625185955
-6023286431486416493
-6023215659862468014
-6020592105660770531
-6018112582145691834
-6016189191801042817
-6014732025352510469
-6014102116432650528
-6008752917879416712
-6007501540159675737
-6006341583364241338
-6003800203127621082
-6000653607815301415
-6000610416252740960
-6000136919281869722
-5999916842313623150
-5999211608712420458
-5995664333849719331
-5994545439787429809
-5991238908367977409
-5990215935255031750
-5989857334746767030
-5984822295355735153
-5984172456949115603
-5982440430847930428
-5982290111383999148
-5980160540735144074
-5979893996994954609
-5978804837300139363
-5978166070223747708
-5977747457025197969
-5974207728476942952
-5972348202644806833
-5965070853149457334
-5963107392633497589
-5962217392645722636
-5961461139103749806
-5960514920604099039
-5959940894265228032
-5959607734754904344
-5959566522815619313
-5953447235302517889
-5951358309903949936
-5950880492774808484
-5950411731239625705
-5949189634527066358
-5949128521789785239
-5946505952383154042
-5945172068606628364
-5942194365365809663
-5941532697353157443
-5938161201005406505
-5936149118950128395
-5932854745265348874
-5932391599105207321
-5931733976054813871
-5930282670214508307
-5921663684255909155
-5920081178585468961
-5919151429998462874
-5914874612898761571
-5914132562984463187
-5911484385740007373
-5911434117704008681
-5911220223154678919
-5910519208938602115
-5909401625262679690
-5907305160475869500
-5904101792843796876
-5902841529876745511
-5901711021681640795
-5899281526618416471
-5898691221829206551
-5898640908511832455
-5895010834936643059
-5894085410272942977
-5893428168027005985
-5893396870871000071
-5888970338865088859
-5888730307335040981
-5885939493272079599
-5884260262045122977
-5881847710792802168
-5881033101824422227
-5880285157017909317
-5870161623438402383
-5869130270371764280
-5869088256435573714
-5868372225011642788
-5866759707511160381
-5863600201885489142
-5862841233153600376
-5861430081078106587
-5859619659925255034
-5854769175508509035
-5851143763615313036
-5850883330690037822
-5847897633596515648
-5847700754513560284
-5847410864813740786
-5846912749101542154
-5846716507049493695
-5844631485238150016
-5844266582804144208
-5843455084615471897
-5839195870310922627
-5837980898247474159
-5833565425974543207
-5833283138971133499
-5832344164997886679
-5831469296573848625
-5828678841374172391
-5825830919374090829
-5821975766870925056
-5819352048060460177
-5819241763027251613
-5816081984833040566
-5811911399759156699
-5811366361823531491
-5810455166878316613
-5809632496363432018
-5808916555859140618
-5804620842765549409
-5801827971168031590
-5799715910966244223
-5799089452942056628
-5798917017522317250
-5792595008755824946
-5789535513386132242
-5789399970049939625
-5784730685118207939
-5782314816224677302
-5781775850039020444
-5778600341066545328
-5778274842603181701
-5775716392614689868
-5772085204300896256
-5770156744678031300
-5768168642877387640
-5767471347879108757
-5767467957463760512
-5767006897998466458
-5766637871171666227
-5766194923084247815
-5763871874722966328
-5758957934574442694
-5756334427213887846
-5754219121918250573
-5753668431036852062
-5750321953062532315
-5746623315954867123
-5745941250124495330
-5744535950226321207
-5743764898743203146
-5738435352823791168
-5736295362268702752
-5736244347933963762
-5734263060828880474
-5733903073658352823
-5733309127047779226
-5733029292663027690
-5729758044448732292
-5723859153771033503
-5716073387953556072
-5715819992123342659
-5715681122038452008
-5715671532108885535
-5714158305365956371
-5711974468379736269
-5709641600103693524
-5707866817819737798
-5707335871659410820
-5704733569737932737
-5704595137090908664
-5704167546063919375
-5702146140720231456
-5700314503648622632
-5700011305098357055
-5698516295975788673
-5694457392355213176
-5693761771894256059
-5693693328542671254
-5691540601618400017
-5687781364200718285
-5685556081322546437
-5684552115564900298
-5682284694968851291
-5676509125703041972
-5676046368892518079
-5675617546212015651
-5674607783376018363
-5673858312238179790
-5672142687387249549
-5670362010813006331
-5668864835837361345
-5668535673424517540
-5667841953981505696
-5663640374272811824
-5659655891933490544
-5659533849604673242
-5657939533475086888
-5656505282728103026
-5652339682672280115
-5651533047435027877
-5645827282454742200
-5644309632448498430
-5640200440180564839
-5636003115809459362
-5629391256748504828
-5624943656275545515
-5623311936829441900
-5622244725941384624
-5621357962585496656
-5621108159102641858
-5620819970135799083
-5620571012943674641
-5620058546617022255
-5618782744073005927
-5616136870824993393
-5611957292625085005
-5609215305181280304
-5606527668288451914
-5604131827633007130
-5603659695899389033
-5603528086299007021
-5601432321074997926
-5598890973889774458
-5597793321885787294
-5597206669603751802
-5595087763245709123
-5593916948016073906
-5591657965023728219
-5588234519403195885
-5586120324665801914
-5584836869296108851
-5582329430133049398
-5579494158628678643
-5576345588076273453
-5575377042183780775
-5575157263467312309
-5570319682011579508
-5569823519400019375
-5569774448057392310
-5568456376783062554
-5568165620441101233
-5564776077378779160
-5564352536686837523
-5562288030299697171
-5560697612861410291
-5560399015797774828
-5559662398756954026
-5556852040809978707
-5554789560236994543
-5554044740699780094
-5554034677261774568
-5551655426568204313
-5551496378602372291
-5549771049108943962
-5548412686297767032
-5546571023398837015
-5545672597262883224
-5545465580665768533
-5541694990996405936
-5541613479030499781
-5540232890572890583
-5539769626581325207
-5536243528735659090
-5536150311052748756
-5535713686880467199
-5535131629491273597
-5533257603057595090
-5530259031090606293
-5528816773123989300
-5528612452745656744
-5527408441922295521
-5527387039232105659
-5524251960934398587
-5524037291493021705
-5521950242444588292
-5521470402517534062
-5520231388088023117
-5518184039542894519
-5516605352350188490
-5509573319916978282
-5508214264752513345
-5507179218592932929
-5506090133130514009
-5504972809472754149
-5501523685618533979
-5497999862108466579
-5497449866359916399
-5496407209085028599
-5494074312432766327
-5491940481734761386
-5488362061223254828
-5488306815102833300
-5487471468739080076
-5483834210565161216
-5483768840066520771
-5480718567118922233
-5478305568460195950
-5476658107043021804
-5475372703601195760
-5474954772766125151
-5474514129291059992
-5466658310416814400
-5466217914356101813
-5464168391068293765
-5463383130629528196
-5462271762188538751
-5460853163977348227
-5460552673994332955
-5458682732070852851
-5457218262894368674
-5453142397926004688
-5452862179736599671
-5450712769164133841
-5449008251936552500
-5446652280148262837
-5444757616615490859
-5441829231521392045
-5441123149167658490
-5437379177726866492
-5436282568001910428
-5435106439981753745
-5435043958437098658
-5433042730412055272
-5428981105381864081
-5428963748806525214
-5424683378074914832
-5421294806573823335
-5421279501004513137
-5414026306921705988
-5409581387924248284
-5408741908740614232
-5407800169666077147
-5402526841804293693
-5401279823731108426
-5400004737699196038
-5397453438334113149
-5396890865282471864
-5396427076015242970
-5396341483496197330
-5395361915068395160
-5395076465615604722
-5394942309511598614
-5390945813129172408
-5390760581848502645
-5385377246540764053
-5384476979492949006
-5381981617543332103
-5379271765263094462
-5378517645513671774
-5376716662875712435
-5373337552336454066
-5373209823506785969
-5368591558605987943
-5367463019948648351
-5366994315265732131
-5366134122499635528
-5365600399893832324
-5364291459903067830
-5363753452373163689
-5363624200175657663
-5361876031162862400
-5358734203912331451
-5358442340961241589
-5355738741685605828
-5354630259909455823
-5354366249217271692
-5351081670137459282
-5350590242238592954
-5348806992755913817
-5345285909212678834
-5338750113203878753
-5338243260907807995
-5332255674436015934
-5332114862025068799
-5331951279212858832
-5329353731352232788
-5329059354491395509
-5327039480142276154
-5326888007449800191
-5323757401727778410
-5323096589427473651
-5317358731048424527
-5316340119914566415
-5314950547328044389
-5313890266294827312
-5312579095741164370
-5308597664196619574
-5302778474738063086
-5301997368349540530
-5301506042053620210
-5301089620759190631
-5299720214262126597
-5299397274879360527
-5297946074201677547
-5296083317192261380
-5295550265850042753
-5292940483068334876
-5292148201017734504
-5290780945997043230
-5289206021028132709
-5288346629853016497
-5279736531140190741
-5277805053371076419
-5277032619399901684
-5276514506379568208
-5273684546246947757
-5273154779181377576
-5272392424693888018
-5271563687110733206
-5269793520072997112
-5267483587074459543
-5266551730804768184
-5265753523956335324
-5264630680398295459
-5264504182008098840
-5263833624924662411
-5258473736924814906
-5258274176167578332
-5257000116520150197
-5254888751280836939
-5254632942538786347
-5254318465002936403
-5253383615145407331
-5248616347724117629
-5248386869210713198
-5246799441691044791
-5243780746539039642
-5243327839000238239
-5241712199274535971
-5240560635164823498
-5239951601102458469
-5239057237422059574
-5235365090469162981
-5234561232344481728
-5232463040008015618
-5232396083910303475
-5227809011844586758
-5227397513537564766
-5224430190937858448
-5222715665812138659
-5221635448964948270
-5220210478963543306
-5217385679538084344
-5216523181983559618
-5216161792153557544
-5215361522339668006
-5213699063563279267
-5213272601328563546
-5210851908992601774
-5206299613318742810
-5204142814921992246
-5201108831001841873
-5196343983709050442
-5193890714234705848
-5186901839131170193
-5184809852312779927
-5184515989509971133
-5183111306700963080
-5182367347028459819
-5179665712216758150
-5179248867586238453
-5176199039316734733
-5174887744243189606
-5174471175027967012
-5173768731592737945
-5170643916836516625
-5168060051307513560
-5167028994663029437
-5165887950747440899
-5164759249077880299
-5161890162340700386
-5161395835900504687
-5160174125488012322
-5158464835949063091
-5157330732779098537
-5156106149767791208
-5154336387059726568
-5154263111441610008
-5153460647418405086
-5153233211536259475
-5151464251682836947
-5150808392071739703
-5147737631342026268
-5144496333180858784
-5143469061711097535
-5141469333750795905
-5140746728807067996
-5139976752930994088
-5137292164183954786
-5136865243512765078
-5136437141486941936
-5135443067341889397
-5135438295434219232
-5135139203143843425
-5132546933870774140
-5131941317204984488
-5128203373923902251
-5125847717839761707
-5123999724132607971
-5123498326444562130
-5123028652261478673
-5122731344933719211
-5121004161193250034
-5120879447569780066
-5120605422897074756
-5118712890568358016
-5114618653472005998
-5112743838759624936
-5110412605597888117
-5109728553562437384
-5108264524903490938
-5102803874105175617
-5102443200348743009
-5100157650622356808
-5099050844303595471
-5095109284580159741
-5092707322359571468
-5091966505886581471
-5091046567976429123
-5086515736799318260
-5085703867997245335
-5084736742825459996
-5081738998478539596
-5080501530018661640
-5080167473939050818
-5078998675090241951
-5077918981583327350
-5074016957897686270
-5072346850872864589
-5070172749605311182
-5067936005125586156
-5067281694961659165
-5063516892374424050
-5063414384852119148
-5063121175936028635
-5062495515569837470
-5059592358472171421
-5059424776672851773
-5057436398085567790
-5055604359919426846
-5054318214881039973
-5053865671584273587
-5051771469553528673
-5050969357992822636
-5050966941970278697
-5049678690097193199
-5048826173508320065
-5043788854230302872
-5043282727932519724
-5042922100267636007
-5041909985731055077
-5041178027328034757
-5040669767830364425
-5040625412829324113
-5033949047011144398
-5033842056276081064
-5033775411693111900
-5033591964060789424
-5032103447002214338
-5030972946344317816
-5029162403933209917
-5026982795512512952
-5026330689495420963
-5025632481974616058
-5025114949294499580
-5025036386758241153
-5018074193527496074
-5018048937600354088
-5017676659098583580
-5017442419147864785
-5016008208128520637
-5014197366152809934
-5010800666883273072
-5010098861894858136
-5009828022554502549
-5009204234287354101
-5007005230036251874
-5006525091605624948
-5002684069723124601
-5000579936872539449
-4998455274498469712
-4998091276840562474
-4997996515874486606
-4995970401071221190
-4995386744137246470
-4992315291444928371
-4991709186542981736
-4987921182884840854
-4987325652692304472
-4986827496064354624
-4985985571134734137
-4982140433491088039
-4979435238146534827
-4977181983633221718
-4974535099568572704
-4973766808097258453
-4971021261741953655
-4963475696901485879
-4961161249145444094
-4960284500634975339
-4959638554327384822
-4958341313424645090
-4958075495077528639
-4955784203470793755
-4955702849209427417
-4950854966165193479
-4950750281171761863
-4949184755617703433
-4948874249633029647
-4947186160867504430
-4946695865072862518
-4945999681084876845
-4945935479130975714
-4944502601126892721
-4942253217176368272
-4938720507213539528
-4937027678078248211
-4936782887366075008
-4933605467214487068
-4933589698579960890
-4933131025865081781
-4928854520397752726
-4927469546777143559
-4927071847634789943
-4925818740954995055
-4925599232791710053
-4925400949845174031
-4924740770853212651
-4924558901280215848
-4924494067716642232
-4923856284683845589
-4922674345927624741
-4921416479237836595
-4921176300606348932
-4918052103852854328
-4917009321076593350
-4915429551307344241
-4914657684816355188
-4913343236083644788
-4913140652394723255
-4908691475543641737
-4908044830951299750
-4907637248654307725
-4905583630886851621
-4903546466391820088
-4903403496693194899
-4902826719957725255
-4902337460797502471
-4901762603402772775
-4901433335052523745
-4899952163065105396
-4898000478053319009
-4895901210234745453
-4895716041814740050
-4894236676039492533
-4894111578638118517
-4893153821007295423
-4892793606626696889
-4890978542372090812
-4889143608041256439
-4888658391785087378
-4888513878851202339
-4885178664301721848
-4884971255907298311
-4884961966951179822
-4884788657250386680
-4877287944309090404
-4876752436475914521
-4870631460750461575
-4870388632425975031
-4869340269509943757
-4862810085630132359
-4862248722191912733
-4860498334608138720
-4856236468215658986
-4855952647975666552
-4855684266632546345
-4855475025709344011
-4854966145494346355
-4852276175743714810
-4849106698639313966
-4848389938422053994
-4846721529608838467
-4842488898620444821
-4842201507898457499
-4841611148828436245
-4835736252816754407
-4835183953763293199
-4832568565951304140
-4830051864952658638
-4829426087750728229
-4829281489997243928
-4829200750772419723
-4827052102405528473
-4826424504666388591
-4825251354956151306
-4824760916786543396
-4823111585101259864
-4815521343591434247
-4809442189197503816
-4808031498800633594
-4806615687409361333
-4803883824855757715
-4801175884616697646
-4800543711411582427
-4799527367822711211
-4798873955166925392
-4796740658554750655
-4795956067169902394
-4795721467037936109
-4794770541201184933
-4792264554414741749
-4791395023442398901
-4789327011484218604
-4785006037716720489
-4779388442226635119
-4778285111337358723
-4777679103090888096
-4776598987164268844
-4772280815820218063
-4770647132935335468
-4767270331137773696
-4766460631186910981
-4762549216531526612
-4759716363028252591
-4759518831812794109
-4753506927946188166
-4753225120649734487
-4752845905495885473
-4750167897351179223
-4749913982836721968
-4749843997005176525
-4747738316606687872
-4747103537476735198
-4746577542182652033
-4745699108079331895
-4743231863757186976
-4740413665002905975
-4738599961920243295
-4736898208403223821
-4736285116671539619
-4735935533370700933
-4733601498042228378
-4732811451189078888
-4732125632462453913
-4731866038672185335
-4727001015547244496
-4726903149690140562
-4724134191285564285
-4723377053097703074
-4718359952158909043
-4717159538478150245
-4715495804460301548
-4710328742635096110
-4709638318794824808
-4708125928189660421
-4707167803055262723
-4704683692125265677
-4704184783076150719
-4700618792084960842
-4700578440018177336
-4699890144004557287
-4699590871462854583
-4698106650223756459
-4696528960285154860
-4693297889363357198
-4692960759321956190
-4691995318663615583
-4691022419947220573
-4690525528110099343
-4689782886709186190
-4685660558786928023
-4683644638520277902
-4682880463490010296
-4678071076585168485
-4677154477715059850
-4677085475521178384
-4675960489995694123
-4670437936242830442
-4669366474727497900
-4668019790134981178
-4665314317491814202
-4663053385397607667
-4661299674331879122
-4658839054150420059
-4657126386180647297
-4656972472448322964
-4655797480141868639
-4653487717030877753
-4653222784552264301
-4650942305173994458
-4645969834267248716
-4645451472106168239
-4644640323923257801
-4642924053265046598
-4638045010199796710
-4637929326278506682
-4636509552719270487
-4635692358875970475
-4635249308677353137
-4633776107842754515
-4630395917213787921
-4629997240900084331
-4625422915682454049
-4622121749058317836
-4621470585509125479
-4621307014418931869
-4620598220333435045
-4620354916057443496
-4620155001755878561
-4619530115669142941
-4618664063582234704
-4615783863097173069
-4615201413287353092
-4606335448826182422
-4603629717346636678
-4603182428082336348
-4598638647379625497
-4598490397534927616
-4596585153470510093
-4593355125955994126
-4588943728580285496
-4588909204625763022
-4588653758372407149
-4588029192170108510
-4587897846853526190
-4581845833306191120
-4581223230619221577
-4579184929524015037
-4578942488903995703
-4578127560543150298
-4576196915489801918
-4575585068856316117
-4575351628688671061
-4573308900444927470
-4571994747451720807
-4571989007270555770
-4566912222507747110
-4566060689459049245
-4562047110443625175
-4561950921819385491
-4558408904197862220
-4557381184535217110
-4554880672827978940
-4554531534982174512
-4553227605312983955
-4552106448866129139
-4548648194846989833
-4546312191329605096
-4544990054877503249
-4544528631789883957
-4541847703240775411
-4541489810073834946
-4538687539137249710
-4538251867608459400
-4535536607788549758
-4535456215343734449
-4533217710200694711
-4531327704250448476
-4531189206724469681
-4528798456222223923
-4528227731962686731
-4527354573692227990
-4527339029618676645
-4526079126853177889
-4524166091184024998
-4522656837508776635
-4515602316026250602
-4514929441131921636
-4512487005653108412
-4511893012868241281
-4511764893353255831
-4508958871921709426
-4503137768208249873
-4501991158889232691
-4493714849316433465
-4492363223609670301
-4491371404485368994
-4491346347064535789
-4491166690660788635
-4490716612201411534
-4490486322541957206
-4490215738426835601
-4489804805279024169
-4488166650204980241
-4487505434238086043
-4487504953952904915
-4487310436410548415
-4482773562073895949
-4480679669886205216
-4477421576602017906
-4476143456520602047
-4474437025802861341
-4472656328498770200
-4471225131297189293
-4469564244230163969
-4469512966497762282
-4467217828715542478
-4465483763248152765
-4463539967658857667
-4463024862160103920
-4456539412813930734
-4454682405616317926
-4452728752511237454
-4452435255294962540
-4448952836372161813
-4447845124130536386
-4447331013065506907
-4445651209342258848
-4441272325614059246
-4438529534094805340
-4438137186726692209
-4437800213831540151
-4437581570071976395
-4436182084860166482
-4429698585042750543
-4428680343828150370
-4428446882663273812
-4426844396014475968
-4426569599453684504
-4423873511824965799
-4422006836271696540
-4421074644560493614
-4420669532723458168
-4420364745161166928
-4418225772274689258
-4415883348155069430
-4411653200662013404
-4410607914989757663
-4409919777361502535
-4408513463834901743
-4398072665808288295
-4396790979856565220
-4396149795971646408
-4394936480997337231
-4389129266876536401
-4385712482269419019
-4384066830568442897
-4383671092739069262
-4379364854134329459
-4375390249081673722
-4374452127562956547
-4373229323557371014
-4372259054503880239
-4370087538491440835
-4369764200563187203
-4367458035849238373
-4366573206960235888
-4364608298746853670
-4357573562740547005
-4355607334589019452
-4352022718426658799
-4351341714843888730
-4351000995877347284
-4348695513682050762
-4348630976062344803
-4345299620487751972
-4344842595497836085
-4343416132441205106
-4341903535474097379
-4340536101941164141
-4340419343200365990
-4339868889115941714
-4338799691694507831
-4337658387032621675
-4334059666686607102
-4333889020417914367
-4331198793342107686
-4330907313004643231
-4330347204395041432
-4328930205555510492
-4328075339499481517
-4327416142080566489
-4320703294092741040
-4318724109184846162
-4317921195658745354
-4317375143093812449
-4317369532343698323
-4315754111764041963
-4314831596047599624
-4308984094803753427
-4305105409938690546
-4303593074281694151
-4300740905809195628
-4299183006482074400
-4299004391734402215
-4298630733321701752
-4297135208867424331
-4297086703068746410
-4295800457742362703
-4294053817216333007
-4292013800725902346
-4290840302204540283
-4289876123253216241
-4283255466877846230
-4281226344292147165
-4277583629628226912
-4275126590608806778
-4273825005151594611
-4268954728276178192
-4266604038719228049
-4264032956568331519
-4261703602865366484
-4259975903661549386
-4258009312159415752
-4252967052604218446
-4252687685084456050
-4251670782630339385
-4247189164541578251
-4247091917740583356
-4243467952244506139
-4241234106465838526
-4239153179617300748
-4239014581532719491
-4238064350314071062
-4235414630671503975
-4234753871561225834
-4234458811578090625
-4227101949661494265
-4222964702910643560
-4222808063436453254
-4222228205857925059
-4221890432803497512
-4219772901629947868
-4215868254260721473
-4212222262717263044
-4210290549666606910
-4209202864260725324
-4208989672716337450
-4205800982755719263
-4205408175302706126
-4203681938425505691
-4201977832160631329
-4197531577275439009
-4195344776634766874
-4194973490979453431
-4194483213788949367
-4192370796004063985
-4189231313921442947
-4182996490163907431
-4178822949448702301
-4173828689956462977
-4173643855335632719
-4172661024528653360
-4167880280046147259
-4165826774669046879
-4163163880417301148
-4161565492893043146
-4155590260550224991
-4154416991700453304
-4152977116523181184
-4151207043580233176
-4150031832206373924
-4149920948271508092
-4149148184383996263
-4147636463060568445
-4141452520387009844
-4140267449585737912
-4138173068816383828
-4135435002089455215
-4134888323227187213
-4131801712842844879
-4131038251699354517
-4125428122742417224
-4122733918820162018
-4122097577277365393
-4119255114036911248
-4117725033541994892
-4116355884852737169
-4116214770583006644
-4112785463974055869
-4112454719931842710
-4109898220080706465
-4108574887357497654
-4107664715135149846
-4107397847373977788
-4106093741388176058
-4106075067806634881
-4105805969690477698
-4101456882962962882
-4097590070802436034
-4095230173505449736
-4094932368003465693
-4089755155380842139
-4085190374945294543
-4079978173269341996
-4079012341004579975
-4077972239082320533
-4075098289015808768
-4074818908197958941
-4073581494441067601
-4070384318701637614
-4070162727047996642
-4068989913685793418
-4068497440722409275
-4068403914265138584
-4066132133695724140
-4063969712395517135
-4063654276481460236
-4062164035374990830
-4061292246358967604
-4060266340836192497
-4058355430841977647
-4053436693502511597
-4051400686325358505
-4050318754623724480
-4044872842476328038
-4043183053323545112
-4032922203085087156
-4029749226588942028
-4027203117129807642
-4026565058291147105
-4025823979385752972
-4025808614270636194
-4025629698000651366
-4024789787550300463
-4024340549808271079
-4023609691730678082
-4018654701664132798
-4017575550278859180
-4016462157956007229
-4008101081187797108
-4002677106633018590
-4001375401436003141
-4000599621484013465
-3999626209533796674
-3999608767176707237
-3997933043373055264
-3996146113345569044
-3994841183649175064
-3992025417235385361
-3990103537742228476
-3987754613477419513
-3984716052531393664
-3981983788160343190
-3981508394148968454
-3978538172113151082
-3975781311350153572
-3975202540700380322
-3974803903270876284
-3974047444054423595
-3972236583236982441
-3970853667888494136
-3967844089316670967
-3963270804964382988
-3960366919873463275
-3959535618895606603
-3958087526690362296
-3956068660387367683
-3955158544772196607
-3954311738582210880
-3948869034112206165
-3948357029758317004
-3945275438124379111
-3935126688671899923
-3930251488744239380
-3929794805537244194
-3928826614683711308
-3926529848428100433
-3925472153822716599
-3924344031762933542
-3924263707220601188
-3922916186075401684
-3918871250124487625
-3918461927854691544
-3913739761788275674
-3912717186340678031
-3911898077786420710
-3911298180678745637
-3905869550044448356
-3903838299234756886
-3903472038494344131
-3901071690030860430
-3901048507699592149
-3900793556836000462
-3898096541332254359
-3896435064630096214
-3896353838150513372
-3893787991934334825
-3893530456539283895
-3892153502136548034
-3892091776387882046
-3887693153778677354
-3887655879230467383
-3886311422539824520
-3884700174898632742
-3883831493964588342
-3883655638805945361
-3881846999118461868
-3880358988308352026
-3879653186838136048
-3878513840375718764
-3877072653625533946
-3876254523684318783
-3874272161568961617
-3870698891295587329
-3867213914228302905
-3867050576002911575
-3864883307331175364
-3864024851137504234
-3862654758272607045
-3858116471464774194
-3855458743644066015
-3854660586499732676
-3852048702934832276
-3851895885986098875
-3851877756374368394
-3850933126055953741
-3842703816487232822
-3840640834886621316
-3840140112875754642
-3839698437766169941
-3839257341125783604
-3837347776971337225
-3837289545995078683
-3837178488077411608
-3835307526010368134
-3830090147265639482
-3828456506732709932
-3828094426704008512
-3824240873063382812
-3822525239481431603
-3819619336077466325
-3816875005793122458
-3814579089832862155
-3814414940163010809
-3814337364383578287
-3813126502845230556
-3812285756457536042
-3809763260769003167
-3809583024425026169
-3806781658351618997
-3806503187402856227
-3805287181555136184
-3803216041011821776
-3801102742326101458
-3800810893870286726
-3800001000396471306
-3797941230284794527
-3794925627264160336
-3783046467077555326
-3778190686498515193
-3777945648598192824
-3777068718173507835
-3776206080157972141
-3774858542851098840
-3773344639098472102
-3772841793231954380
-3772682308582988058
-3768672159062693202
-3767553630925117342
-3764312620854589300
-3764110726578377385
-3761682351501266079
-3761407792264706266
-3757206530887279363
-3756973208353566289
-3756868181178832639
-3753519411451002833
-3749571940943119018
-3748949511315939236
-3743274108764068731
-3741490330237599774
-3738864482156890563
-3735546530883397531
-3735087512561166313
-3731438255771685669
-3729902143344783496
-3728074670860527959
-3726918939108573819
-3724847622988125764
-3720702188988935267
-3719781853013254763
-3717372822571497479
-3717141050384196124
-3716912878484481698
-3716839097309508062
-3715972239224583347
-3715959461146433932
-3715902429574946686
-3715135378403699612
-3709886058972638872
-3708401296018396238
-3704892748082445644
-3704865697449669471
-3703289794460726829
-3698631206251547953
-3698350287768811104
-3698146420027552467
-3697751827097360675
-3696054304078468640
-3695880098884858834
-3693795730541557945
-3692885726649312839
-3691483733160342301
-3685364333956988325
-3683931317862086575
-3683327177923511231
-3681542388127954726
-3680546032541498860
-3677425898547339273
-3676973294850731299
-3676159165164174913
-3674669721471939914
-3673563936945710922
-3673363863862189664
-3672387400584835008
-3664139595359789488
-3662222391396640945
-3657879256856656249
-3657144077814800753
-3656199769459182872
-3656161958816315745
-3655369736370083118
-3652336043776995510
-3651402090421717180
-3650002514853846256
-3647299374595132288
-3645855096426262830
-3644815205505705044
-3644128627638141764
-3642763063534880083
-3639883892191144785
-3639693276132793115
-3639439469203326628
-3638631932628698652
-3635342072513667160
-3633647892773284379
-3633431649025938116
-3633186018369905505
-3628805040280904024
-3626719858743464607
-3624690477147502305
-3618582742126535787
-3617896825013285507
-3617064365429954290
-3615587134678249439
-3611933973566815153
-3610946850630121149
-3610203076601212464
-3608912035156292857
-3606186536473064306
-3605958997147231889
-3605009318000405957
-3604876208435372213
-3604627175961361890
-3602701820765350672
-3602239406393828146
-3599093339716262258
-3597237432310011547
-3595112625365642317
-3594266041081970897
-3592718210226292234
-3591791952024386399
-3591009636028209607
-3589991795204459533
-3583317144796414831
-3579415198782377573
-3578879872814555796
-3577766896428393388
-3577284342841087622
-3577248415961097142
-3569596015914467481
-3569140163478738171
-3567025301090940165
-3565757077332988160
-3564830161922009541
-3564644564133363606
-3561657265109124451
-3561148063847515101
-3560934558953499493
-3560371128824893203
-3557925514077972217
-3555315669310949349
-3553382327354352023
-3552100922184915396
-3551485521880945377
-3549980211106301239
-3547330510810472932
-3545539712289263768
-3545254649383036164
-3542685580471934771
-3542477369264966762
-3539087089247235752
-3536527949104681413
-3535730556159517921
-3534440076577325916
-3533669085817013039
-3530679333048455304
-3529871293338872498
-3527851282407410957
-3525822598237970998
-3524319886569231935
-3524033428399169708
-3523512478598865496
-3522617689471429137
-3520747593639824317
-3520249304008154473
-3515365536807453325
-3515335604171631844
-3512769808572577503
-3511348752235050699
-3511149133148166225
-3509079948843281865
-3507656317994225512
-3507054899464782785
-3506086918366446133
-3505630570567733498
-3504916501202993662
-3502895960054696291
-3502807732171240549
-3502030464990193600
-3496865490702368530
-3496352901355687124
-3495692804314466821
-3495433249505086614
-3489112591447125068
-3487599319443593900
-3485990858417662852
-3485938687740665298
-3483919047598302494
-3482132915877137754
-3482131274424191038
-3481351792042299765
-3481008972518465992
-3480651459456441310
-3474800053608118197
-3474559101221245806
-3473711108812080407
-3472899813570815140
-3472770282386204224
-3472360206777465968
-3471371827269500296
-3470914504746465724
-3470879677546446989
-3466577772453740618
-3465009420530890899
-3464540564718092124
-3458743227453066765
-3458346005164002717
-3457931741724608710
-3457759866663940955
-3450019761917138458
-3448354871130007576
-3446296939809328084
-3445385639885266398
-3444829127829461319
-3440800740695221998
-3436039661726574994
-3433524823292373440
-3431132398471520265
-3428500070346832281
-3427145616759827378
-3424245151206145002
-3419674746537138155
-3418748639989669248
-3417737444255619639
-3406577776740671885
-3404265965094124326
-3403911662175031491
-3402214671378370623
-3400421009086729791
-3390970810743397472
-3388000906127917014
-3387777530894594200
-3387361781611241871
-3385216071925024681
-3383930549925057558
-3383863210915670230
-3381231701914487857
-3380153757748595033
-3378915560505577751
-3378599690758769641
-3375516740809517689
-3370953451825497518
-3370632611428150551
-3365857660699331846
-3365689929532383133
-3365335259245630184
-3365330107640082954
-3362586932898697526
-3354275302360414617
-3351161141388983619
-3349918118295385283
-3347989794760620262
-3346026207168235327
-3345114705352137561
-3340854024395176112
-3340145498904238306
-3339183404176231679
-3337951934008977164
-3337131529641216683
-3336918001579708575
-3336884588388479603
-3336537100500826842
-3335899978675446367
-3333010753647791552
-3327990996275689599
-3325047138911299306
-3324537892422358502
-3323628476437819759
-3320152445752290247
-3314742013986003897
-3312555774913302879
-3312170527099696254
-3311269481554038450
-3310876659954839623
-3308793298667372429
-3306567998535208433
-3304411968907281250
-3303424925995974229
-3303092066344179208
-3302621406346167270
-3297158463297341114
-3295779146552591990
-3292706608220077631
-3292043489136999963
-3291836819832854742
-3291497938797004204
-3290985566479131559
-3287276562197302053
-3286805596730381945
-3282232295947605108
-3280389982619898324
-3279832051223202201
-3278114636613274228
-3278039454745801200
-3278017186260776507
-3276051651426628536
-3274667558034346661
-3273899223649933555
-3271825177669370874
-3271744707308958897
-3268071821372701521
-3266690114433532821
-3262589662477345075
-3260940679363790062
-3259804709564938503
-3257602343821785204
-3256736944495840408
-3256662126533171198
-3250813549800204066
-3247203780001828921
-3244055356972134501
-3241420110092968438
-3240687468652327533
-3240237175155888544
-3237012856239221977
-3232891784691367335
-3231607454795475538
-3230366613578812280
-3228426420496841506
-3227435355242460444
-3221998895272436729
-3219800260962116428
-3218618749863060537
-3217628434681280983
-3217500403299447617
-3213552469768011493
-3213493655478796862
-3209878489971834135
-3209194519237364569
-3208993164804087138
-3205860387779123998
-3205644899905489539
-3205636545899954331
-3202662176066916006
-3200536588369692413
-3199589022789955633
-3199470763131866738
-3197790489694940560
-3197085726861387025
-3191028516473645739
-3189264934340137157
-3189241989569536201
-3187984856208776916
-3187777702330378364
-3187153441548317644
-3184894075735872091
-3184855318362478799
-3184103230713584832
-3183853302731085644
-3180804440598463926
-3180474555797956252
-3175281241502190719
-3175222186301203138
-3169099056186459027
-3167514093564763038
-3166675515470045149
-3162178641836671999
-3161989132805296442
-3161805844962124282
-3158465189450250690
-3158225384475909613
-3155572236441301564
-3155085390893271980
-3154786807045240836
-3150887787127132886
-3145517054651858083
-3143230514349915904
-3140710890000550958
-3137455890745854763
-3136792424509080000
-3134659285175876928
-3133113093068200192
-3129623138283548679
-3127532208097463370
-3127458355216807228
-3127175031697418206
-3125823634140843708
-3124224239137394314
-3122796120114477180
-3120947335056442440
-3117306054945137853
-3114528921128727719
-3112071326110915979
-3111823377972658404
-3106924312142296322
-3105637138142635785
-3099206003756004884
-3097070313365023466
-3096420771600919421
-3095259128867796505
-3094433952955556699
-3088876089129301923
-3087819525802870198
-3086784715208896115
-3086274625142381764
-3083103940876936925
-3081343199783232745
-3080703123872812837
-3080018671296432955
-3078723142253366377
-3076975516400548538
-3075214694379720497
-3072116293098768479
-3070641276329574392
-3069895414478408354
-3066887664146912900
-3066256375490975613
-3063043717942521230
-3059833557099299767
-3058973573085645137
-3052306338586784289
-3045461628455615369
-3045255985668074227
-3041037689266638699
-3040093565037214876
-3039888214015039708
-3036395063415889670
-3036375495801875104
-3036317893280375434
-3035047256554380093
-3034576443595843818
-3031858349893417182
-3031820459087110747
-3031325924774256223
-3030460782577201578
-3028852893326706933
-3028680080399893441
-3028032134685371766
-3027072030571765605
-3026301855269669023
-3025309127558001000
-3024392368106243002
-3023572217813347696
-3023424760578724053
-3019555373028741937
-3013958010595661244
-3013735292184534329
-3011040751983306360
-3010941163993152063
-3006949311898861115
-3004047035054512579
-3003467736355095307
-3001800816202966885
-3000891538478154792
-2997437877131141922
-2997333858517878315
-2995858406297905126
-2995624853963927160
-2994787003952398591
-2990592536483578392
-2985104173548494700
-2981712806147400464
-2980590475182103052
-2979188574489063690
-2975901652205445499
-2975695967016222450
-2975357956612305210
-2974549881843553283
-2974082382010685828
-2971204067242619176
-2967334369108603185
-2964419924202381358
-2962089755049020111
-2959192010019013290
-2958106475420642009
-2955295383626485374
-2949550201061540318
-2949434636736250487
-2947380627651435614
-2947313471937962193
-2946821807371119318
-2945121170844031308
-2940417439290632431
-2940221898200308957
-2939240546410831220
-2937577082704084834
-2935869744794072309
-2935135085879773085
-2934278862403800167
-2934133443734507364
-2932568785311926587
-2931221107945559620
-2929218444759714126
-2928149383883670740
-2926962355458822006
-2926700321721361407
-2924657376572232850
-2924486397919494006
-2921595971886100575
-2921345647077649505
-2920285879605419978
-2919518681479183152
-2919048199438465457
-2914792432930161973
-2912879944877458885
-2908786886058065975
-2908170052141947772
-2907832122303199622
-2903794486637776137
-2901892434986727902
-2898632067264815400
-2898517812680709554
-2894295465742218714
-2888647303954069140
-2880414989448302880
-2875708866492391455
-2875366756678098378
-2873092375786099825
-2871654650166737427
-2869088543815712740
-2868309294140506562
-2867719234732204186
-2866219431722325492
-2862791655143823217
-2862576448206324912
-2857847953829165197
-2857180043390977684
-2856912162080808579
-2851593317187047314
-2847421775511838614
-2843578591661070185
-2842990810911912351
-2841652650087168040
-2840343743603305519
-2838653091021485177
-2832816800746903825
-2832039064410835417
-2831477858941408027
-2827473846235409712
-2826571235544426596
-2825686542642285672
-2820800318511557609
-2819269783048099947
-2819182683470246084
-2817957708691235884
-2816919205570160758
-2813960674469625328
-2809898043004817503
-2806550814659174187
-2806530878095771937
-2805093106673421589
-2804609430172431110
-2803010257636354215
-2802877531230010686
-2800211172299996762
-2799550691803543266
-2798863715791030809
-2798727851871626369
-2797101623505919092
-2793873570490834323
-2791021339858815593
-2788665710630842110
-2786207970672381766
-2785125156737686972
-2781926606607081013
-2779483514391209599
-2775157488552065466
-2774064949452725736
-2770860371297150632
-2769504408309360809
-2764144315947612002
-2763694154952479108
-2763054488529881178
-2762852596162846084
-2762542502623288166
-2762504001863429005
-2759542080814104819
-2758581126354968674
-2757765370687908457
-2753761087010357260
-2753241896077356625
-2748924106242326461
-2748645274332713196
-2747466497543063446
-2746951888298358635
-2740745964500630824
-2740375744138779185
-2739813484896184941
-2737617253088307085
-2737300436337332699
-2732783862561069664
-2731555600509755032
-2727707476917898868
-2726560636975188113
-2726140649599998646
-2724990164523056813
-2724783183617678420
-2722302000413913298
-2721528465268926255
-2719536202354670808
-2718535878691964566
-2716632398383778431
-2716327101968702547
-2713127979953488683
-2713104267141636148
-2710145724946122703
-2708905929657064668
-2708746198030510685
-2706372613242932212
-2701231729925301787
-2695672608596880791
-2692423644152584426
-2692234789361104511
-2690679490291078814
-2690428337736339024
-2690293230574784999
-2686740738163049553
-2685523299734840834
-2683225458292528296
-2682371034177787454
-2677813112567471480
-2677621757624720917
-2676151644566323197
-2676081960833347034
-2674098399406165910
-2666532760821951413
-2661791657720248165
-2660873799807338604
-2659552542939235670
-2659188556068581533
-2656449703899963997
-2655335456749289202
-2652734351518211882
-2650120287293743294
-2640870924798016439
-2632968787712030466
-2624736850103886342
-2623263841409076760
-2620444631466763227
-2619069106865744530
-2618308928760435000
-2618208246216486702
-2616047402100984231
-2614508426378613475
-2614460396713957909
-2613669174904759459
-2613254928605673357
-2613001067073786305
-2612461283503667259
-2611904326665276681
-2606375367888131355
-2606135111201616677
-2605771953960607971
-2604533864866774813
-2603020706490235092
-2602161252028055580
-2600890801541356339
-2599924816694912693
-2598357938765519279
-2596385181677631532
-2594620991343219965
-2594204203578251592
-2592588905211466492
-2591467532034990119
-2590921109932794243
-2590467884335981867
-2589482895204551969
-2589191997072198111
-2584978837472864055
-2584891311355507435
-2584228354585355368
-2578105311835078841
-2577306702859307187
-2574596017864067835
-2573924396756897581
-2573573156105282872
-2573245492353844788
-2573080848262609975
-2568932701967536381
-2564834016882806269
-2564320196003397637
-2563390579652981623
-2562495590422682470
-2560930594348474140
-2558908597458313085
-2553357230185517269
-2552206902710603411
-2547998047906759043
-2547748005949433560
-2545106421354587195
-2541630405458695989
-2538133856880200102
-2537831941554424019
-2537665609246888276
-2535724393983468695
-2529475139207246645
-2524489884765629834
-2521963039179010861
-2521794654823902402
-2519265179630219992
-2518213592822098444
-2516401175734243421
-2515574020984089397
-2514491253481892947
-2511529021478538374
-2510409820216631853
-2508627373738593824
-2507421974579801898
-2505344910021674752
-2504633051367679149
-2504350899406029725
-2501259837734395442
-2498009803885774332
-2489459659341466928
-2489188502868190063
-2486932060166472369
-2485833485597009006
-2485581090986976764
-2483877718627490803
-2480846719479969704
-2480128798815265611
-2477622991548012354
-2476008276245206527
-2474852014870417840
-2473021438294698624
-2472932875248074900
-2468174391933332102
-2464412456580464773
-2460112409336483728
-2458595813146468171
-2457690624808442079
-2455366716160834827
-2455192375563292813
-2452993983430123313
-2449663901325700466
-2449644513714793496
-2446582080968190904
-2445336269674634343
-2444604334746214501
-2436486229086870208
-2434320690375679153
-2431315800721032756
-2431283412045696132
-2430899301551915411
-2428943118086062235
-2428563469956890970
-2425050517659776239
-2424847775563349010
-2423857430687584002
-2420442338850810456
-2417572910136733808
-2417202703030565595
-2411035424617112941
-2408360287700674224
-2406483503300918944
-2400568968592279193
-2398306360500055303
-2395745831576016082
-2392460283485372182
-2391510810923096713
-2390692192130011544
-2384270499448343868
-2384234428534546132
-2382313066259631502
-2379660851530586426
-2379593538728432203
-2379206915169103611
-2377405214408503692
-2375923478854210958
-2374673068614441415
-2373986784496446289
-2373492490227550823
-2373315345148024637
-2370625413945259127
-2367260046655732107
-2367060114775335669
-2366635742695111372
-2363369201011193357
-2360324670766012187
-2359019881184293426
-2358703924016194257
-2357838598374780918
-2349778699166904914
-2349285536596127275
-2344574750902506899
-2336345912720968532
-2335243601842514138
-2334261626696659712
-2329602687176142875
-2327795362475598261
-2322922835291636830
-2321798201996396417
-2320895385985911142
-2319991536596421176
-2319965028714521475
-2316781170510757987
-2316095099962427322
-2314231309012969016
-2314185356479969422
-2309636185171020133
-2308919843315393888
-2308803665544887982
-2308195870326922192
-2300110564412807264
-2299743019013260928
-2297934798902665096
-2295397936146247814
-2293831320539575260
-2292831536357348929
-2291792802835241799
-2291521487121858435
-2290586148545472967
-2287854342983781117
-2282749814489221646
-2282205550284979999
-2280819841113326349
-2280565576430700451
-2277536835985451409
-2277492104700747217
-2276640159356693254
-2273642012876007949
-2273418101552990274
-2272609684952938853
-2270074742988243470
-2266373357373945978
-2266311814262504241
-2258416856876849855
-2258389096148020339
-2257487103827254308
-2252267795286845824
-2249883153996219828
-2248426124446744661
-2245174534876830989
-2244880463698159126
-2244156692835840835
-2243835133869029473
-2240102789456510187
-2236382824201721310
-2236015665890308545
-2235766025595784834
-2234245661932128450
-2232909333925239013
-2230598614233010486
-2230344443817856864
-2229207118347162190
-2228767179842264066
-2227666304819233427
-2226791115048739500
-2226550031160755905
-2225997157451714927
-2225754217226177397
-2224286155667216059
-2223717343717947135
-2223286163918674016
-2219914511680276113
-2219449188944764541
-2217401094609672679
-2217321625907395298
-2213543718361218647
-2209732268312391393
-2207773263420228067
-2207321011673935369
-2207191417422412944
-2202668423119371636
-2201977237373118174
-2200442021483296012
-2198515768548878307
-2197667051897556871
-2196985356079546569
-2196152660491764974
-2193137863161721650
-2191601254163774927
-2189588794769568083
-2187694527220663726
-2184876949718138563
-2181871382966832468
-2179944901157439208
-2178785225809871673
-2174040161008601585
-2171599829646919316
-2170353337098774817
-2169698201562412770
-2168805435562818899
-2168650106084429777
-2167599399181754702
-2167051353543991306
-2163322822670686632
-2161497550296937469
-2158914122223537595
-2158460036783161802
-2157547342181566585
-2154497818631226905
-2149444195928947784
-2149183534596425475
-2148681064709025067
-2141956556164228479
-2141228631479336595
-2138829284896588294
-2134963328322848971
-2134463677306317339
-2131504709312847077
-2130037649174684316
-2125604277743832716
-2124396522864957919
-2124034495734768570
-2123995658353273545
-2123706812967161948
-2123685777305598454
-2123517542900901751
-2123130753290982630
-2120614701204903674
-2115639519220748456
-2114480739122841560
-2114375454608320586
-2110600189072445669
-2104833345964584905
-2103854052390424483
-2102023530023808758
-2097320610173950690
-2096692182271379993
-2095221302749929370
-2094982224861482105
-2094663540955526962
-2094457351189744660
-2093554004537571100
-2086369658578039013
-2085804813756318303
-2085576552206783346
-2085413142187173799
-2084206131265841383
-2083640524962117506
-2083469100489654676
-2083363299271651968
-2082552154594434586
-2082017257655500416
-2078146553328891018
-2072984401981328439
-2071565075688902155
-2069410545443853311
-2067487434974167287
-2065626481373464866
-2064951015668997087
-2064930017482589392
-2062969480019591905
-2060497477550696389
-2058419222064952431
-2057055667845384177
-2054450658277722801
-2052774155905132828
-2048225378089350509
-2046163547372317557
-2043185582960885924
-2041237283309342307
-2040891975281552945
-2040666456082444903
-2039928438630327809
-2039176077044143529
-2038090798257633703
-2038017954456319973
-2037954558569878451
-2037525179092850172
-2036383341458345409
-2034230243359597105
-2034024424806246745
-2033547040186456668
-2032836856457540872
-2032439556703623004
-2021941664403449117
-2020371987209557963
-2019993393573214475
-2019563983481689520
-2016178637942948661
-2015761641947796091
-2015394160142998406
-2015172918439256109
-2015005582078487376
-2012645555546316198
-2010916325212318002
-2009681956413199547
-2009545156614201583
-2007978076836942746
-2005017930118524870
-1999968816014477855
-1999779055422440652
-1997668468667878198
-1991103961521591395
-1989970942990724318
-1987645034380452135
-1985924974478832689
-1985562213994856120
-1976439102334255432
-1974732781337752720
-1974559839460752091
-1974073517421275285
-1973825978581997275
-1970092584008220963
-1968928333975176555
-1967087682781445186
-1964968819316064698
-1964527425154122568
-1964476915363574886
-1958132923371350899
-1952809117178384147
-1952371131411292160
-1951776953323833436
-1951720572237515060
-1949965221009615641
-1949699196043023143
-1946772980815122600
-1946500525613548025
-1945698933003955686
-1943664195375858419
-1943388691537343420
-1942891881184061487
-1941158538749405238
-1936757056032378928
-1933892558473026665
-1931154347415516458
-1926847255287657897
-1925989172581041074
-1923306528948648468
-1922432181418104346
-1918762893138912315
-1914167648375191221
-1909804572191048703
-1909503488914398826
-1909354922351312579
-1908826439605401298
-1905533405049278101
-1903809584798442781
-1902859176453659194
-1901950190318022110
-1901194318547275072
-1900895344498984063
-1900363611569654067
-1899723061982804235
-1897679183798526064
-1896236963067854368
-1895938677103582130
-1894928598893672712
-1893608623558158508
-1893382191704890001
-1892409221911536980
-1892022798764972458
-1891388151686211001
-1885970228902988233
-1882608634891725538
-1882363347502776064
-1882124766765064447
-1881509553484685773
-1880723461281109095
-1880640118365447743
-1876131218581787708
-1874626234923407807
-1866971957670396062
-1864442200490330840
-1859723360137139820
-1859426523177334742
-1856203378092458500
-1853461817471890763
-1852880459922220500
-1851770141082600514
-1851607635454268248
-1850725870403224384
-1844944794824223089
-1844447278955528371
-1842840366140666808
-1840926393661308475
-1840049166963415227
-1835631111427478946
-1834766850025844265
-1833370506295566590
-1831872626760818934
-1828006212084679606
-1827774648557827373
-1824008491486086975
-1823947192761795849
-1821019238021830696
-1820710882046964156
-1820666798166792123
-1820111692834646670
-1819208159534341280
-1815958871359762305
-1814145621532766748
-1812809386108128585
-1811168205833069493
-1807929052832994718
-1806350942042024043
-1806069447518526404
-1805263049077434688
-1801470979376495330
-1797936192596919961
-1797608208943256475
-1793895467521055573
-1793638121019260044
-1792938871989148818
-1791730780074532953
-1790491246695281960
-1788165689909982385
-1786610754539664878
-1785259346554547687
-1782768640757962792
-1782555814766246093
-1780138777588149144
-1777055256140328722
-1776586466299280496
-1774478331185220598
-1770036229504783610
-1767917735516392523
-1765137763978049464
-1762108478453218481
-1760977142711957853
-1760600908372320272
-1759338193808126993
-1757772113240482834
-1756368936345161074
-1756224231932283173
-1754504485654396087
-1754377143052922179
-1754046856915343597
-1753918593237344017
-1751703462090535665
-1750629992300557640
-1749727316839606718
-1747556514553752780
-1745694504884323415
-1745165962762156105
-1743062607739482679
-1741224377848788338
-1740927442673704040
-1736371109950488101
-1733949509892840526
-1732844124721083850
-1731392187434231354
-1728081164092037126
-1726568456731339875
-1726513462394002516
-1723876114566669073
-1720902133678282712
-1720648864553878129
-1720118500282551757
-1719501750734466088
-1714941637467219406
-1714576043243428877
-1713718476909107427
-1713617287249384472
-1710718057033843957
-1709027793529906759
-1707321488428645913
-1707129463262385710
-1706928151160042619
-1706631531460068644
-1705439774352110627
-1703583866964523263
-1701912808599715012
-1701182121796128495
-1700966746423638858
-1697894081209700285
-1696396539331866023
-1693544642572598234
-1692902984643954520
-1692512318275925049
-1691269427074446535
-1688258391312585688
-1688188836800440507
-1687960241676257009
-1687805869061639039
-1686492750737209487
-1684520322349367695
-1682664397189491322
-1677732228154188313
-1675017905600371527
-1674331947164509154
-1669233621006659510
-1667663234566763707
-1667309115878748340
-1665225354547199304
-1662243057614207062
-1661895017101805415
-1658227889427431429
-1657909963713410655
-1657803989251351190
-1656947634147980803
-1656664292111575819
-1653407118567578719
-1652788235039166003
-1651109276430280696
-1648371940909600090
-1647966024756288657
-1647485439602052067
-1644230922236011029
-1643278465269610573
-1643252149841549971
-1642586836246729110
-1641855687923806183
-1634246539538578662
-1631276392931838054
-1629752282662649517
-1629006853653201632
-1628318413851465634
-1626164777388351049
-1624243569013852167
-1621891335043704570
-1621016511762984983
-1616066317252521314
-1614557470639523213
-1601490184542912029
-1600385828298183547
-1598689378785109316
-1595995949673783206
-1594194335391346142
-1593447274640589834
-1591063868002554413
-1589467824594658373
-1588629267543412466
-1587271621174687313
-1586448652815486168
-1584380442783065367
-1583842790291858889
-1581556757344620577
-1579823029225840897
-1579440674803697644
-1577953424820472299
-1577008183595100625
-1575103544262901170
-1573885777552617878
-1572999339337366279
-1572208854509357722
-1566830586815511390
-1564108534106710504
-1560421730402957439
-1559777619886140568
-1558043799863752110
-1556918401997875802
-1556092166499223225
-1554220332502033559
-1553720313842163139
-1552012940568515820
-1550237084068543059
-1548362957715122567
-1548242853127671684
-1546732834269721557
-1546234161041342165
-1545903415924053389
-1545742976718699270
-1541137852594921365
-1540613785396160026
-1534030192162688500
-1531141482715961465
-1528139110068565618
-1527023894323742276
-1521493320137801116
-1520711092565420418
-1517139192250522423
-1516834229078238395
-1512192056064261535
-1511017359608504114
-1510651962726402212
-1510504408343328368
-1507598985563293192
-1506144434889330658
-1505731605714107788
-1505711832060375030
-1505176436124462588
-1501549577420233098
-1500136436272052992
-1497046981113313263
-1495943438994630544
-1493903812058396528
-1492888712796381868
-1491954571764198417
-1488962470827778893
-1485316733272214750
-1483946565154560741
-1479948115410929888
-1479431721576327343
-1476544508251432076
-1475416981360860344
-1475143489222117091
-1475040741249397667
-1474634318303588193
-1473726126236341673
-1470300720444321384
-1470068216019883773
-1469489798567006488
-1466233804320830211
-1462307990525713091
-1454710326957526897
-1453854632895405226
-1453155447808913788
-1453120449886433072
-1452051859301537462
-1451943072416251678
-1451334891743244365
-1448248457879154760
-1447836109114759690
-1447112213263459547
-1445892796988812816
-1443089772075659689
-1442002188188934329
-1441306536503066632
-1437032260280666231
-1436791336457736813
-1435551151909696640
-1435317410720292768
-1434977667495702040
-1432417184951710863
-1431452121790548059
-1430564476768683667
-1427916243388215506
-1426147336981128878
-1421725885800174336
-1421248627365026308
-1420702160889754269
-1418541448944612829
-1414730615976033538
-1414479359611412535
-1413415709163123054
-1410999667704191846
-1408145896659183334
-1404547581335844152
-1400648560257237763
-1400268400579236413
-1399323244549316121
-1396940907548834170
-1393572240603016066
-1392754543857238121
-1392647636736165752
-1392224755351071767
-1391951031450123695
-1390902442003161326
-1386710713795163598
-1384646777047312680
-1384218785633895125
-1380150203308212813
-1378228257459935996
-1378059186326964921
-1376074421700850104
-1375919142691499072
-1375057942056450109
-1370998087578744312
-1364991959705291975
-1359988876702224190
-1358518724850072448
-1357205317563541286
-1347073020057784531
-1346825170558652126
-1345108412567632117
-1344428752741037032
-1344323593610823352
-1341432435586430625
-1338552462771462047
-1334908303038948428
-1333164288169856881
-1332418656398966900
-1332412363796501264
-1327397105326394586
-1326517635415269674
-1319279624018227856
-1317760916858267187
-1317081355958823233
-1313042544508321695
-1305544369778355831
-1302118093441888817
-1301862852880739126
-1299207969375988168
-1297057937610191942
-1292144814030902251
-1291502949050175554
-1289323761652413649
-1287755758811714341
-1285710624980604229
-1281669577281658876
-1281159747139489867
-1280519073619310201
-1279888749966642438
-1278416384937214661
-1277696433583950004
-1277143243840363805
-1276921456906836034
-1273543603297107921
-1270583290297094690
-1268873647666980379
-1268799841348411572
-1268547452275155727
-1267219809517799932
-1266429585205355562
-1263464724259865697
-1262621859307574738
-1259759950716021206
-1259197387372468202
-1257736734286093142
-1255052018648549535
-1253372986129314595
-1250244704746021017
-1248525283510649298
-1247452712938546979
-1247322900146218724
-1245712095438274086
-1243055215071835098
-1239103123330337260
-1238754556960261241
-1235652148404614718
-1235192391864679832
-1233834373510250491
-1233733569535460208
-1233043461652858825
-1232969185188922638
-1231813959687710118
-1227564735270275630
-1226833815541057480
-1223684100519111126
-1219662715496315483
-1219073287075609786
-1218841120437045607
-1217313901787054875
-1215928543169866770
-1215385758096151143
-1213487853773221878
-1211970432541883376
-1211743838361702016
-1209718238221228084
-1208862514724194369
-1208783286408115374
-1207899263071261287
-1207640095460297669
-1206969213827108500
-1206422037785355692
-1202439134079007562
-1201271311165120670
-1199424648858466762
-1197775971513246002
-1189465192944828699
-1189335624443300743
-1188467180253829860
-1182555646444335796
-1177911013692815338
-1177846388327638652
-1173541173078314749
-1173233111676822196
-1168362918780665191
-1167087380190958249
-1166977339914736515
-1166212669779930511
-1164600364228704221
-1164176988116256000
-1163832092688514417
-1160735159695860543
-1160614361324186871
-1156652821463682128
-1156092599557603872
-1149163501574879000
-1148336679569332980
-1148313294359911592
-1147150974387274740
-1143277757634166908
-1142195885004244755
-1138870373675247881
-1138543704993606945
-1137080695806416870
-1136002442718558752
-1135848240683067573
-1133555287533202483
-1132776217287011010
-1132030836093902518
-1121308582860865038
-1121028500889561191
-1118308594908828175
-1116772693920027702
-1112575381739080606
-1112483371056796626
-1112195765722846440
-1109255004775167719
-1105383048196445847
-1102919185965765558
-1102501105636902608
-1099507699174871070
-1093988741039856797
-1087068137072398293
-1085980886835645558
-1084592904128042145
-1082990582215528051
-1077928713559346548
-1077551975109377490
-1077197847493692934
-1072736642395642102
-1072456595540005241
-1072236016055571147
-1069257620863564953
-1067839977208892428
-1066805674736949436
-1066093413102162612
-1061514604118255959
-1061210306149599129
-1061142462419803759
-1060186225269306745
-1058235812922669928
-1056824108868127413
-1056808433401476582
-1052225841279305957
-1051770190846606011
-1051271651642410498
-1049043318562790786
-1044798169242215250
-1044372083550330893
-1043070227131491951
-1041323560149421517
-1039240764471217854
-1038629068766748425
-1038445383696371834
-1037158200253794566
-1033812593427892915
-1033325477940846181
-1031618009840589014
-1031434562259707709
-1030340780561564865
-1029002223971711799
-1027518258506191499
-1021188024896972716
-1020145519525560113
-1017643345777653257
-1015866903457788117
-1014806549797828060
-1014588857781937202
-1014425846929505362
-1011626132297972657
-1011315119413927030
-1010239284979536661
-1009190319664220525
-1009005615979066603
-1007792635434322301
-1007325303321423962
-1007139372865646085
-1006678454615695819
-1006141758403339644
-1006064892542770119
-1005104771863017184
-1000340820038951648
-999929425109273057
-999270175303455556
-996020139341969008
-994780432841615721
-990406554761358837
-989628535782355421
-989585875468295116
-988474080367820821
-986265342177115941
-984819807893806134
-984182499055820285
-982485670766157816
-981232881167499796
-980940606912088037
-980085773884428481
-978999106860043164
-974924335285390456
-974792321608643745
-968516135784964709
-967989668396941657
-967088678339290449
-966967294111861404
-965746927550690597
-963034935361678756
-962175366688414086
-961375104055323644
-961324197569761900
-959946683513513052
-959745606367493878
-955452928097865441
-955259231969967985
-952829568303048032
-951619059987121621
-951491994434443353
-951490518788451290
-950235980732733923
-947872739092743958
-945609587199335925
-945412907209864135
-941538603632818565
-941142566212802295
-940955819052979489
-940433771255979841
-938127344008356247
-938090895865346957
-937937148882843474
-936797632537398088
-936476420100740743
-935616473737662108
-933715149366926056
-932300568069556220
-931643755160858564
-923269533705480427
-920108346220124921
-919959474930261102
-919473618905573028
-916542574965659186
-914937744566523030
-913399234396000238
-906442697831349621
-905372046938806458
-904507936855848007
-903844276248829251
-903302605200660991
-902774044912901763
-901658604621890875
-897706546309080009
-896474888788098254
-895946657178525508
-895860993338903220
-894217620923008211
-893286430749503106
-892034416543285269
-888045520102567972
-886528124781283440
-885575824543510869
-882347556769375655
-880451519473936965
-875935363373802523
-872193506268865062
-871902227317180472
-871743775157816698
-869849348723923485
-868016450210814318
-865802124925945464
-864140436813225645
-862266867445860143
-861359472744364674
-860664216558963191
-860126596866250118
-859769511964797505
-858927792677486034
-858543776817447273
-856398654541307040
-850428722519394947
-848745734614058756
-846427701896041912
-846096349924064302
-845450471126146577
-844672169016881725
-844100050957349509
-843833530930678001
-841770397212309544
-841594711348804102
-839732739093359378
-839164537430136348
-836153483691077798
-831865224562452136
-831487589193837251
-826596775955735104
-825941110930736474
-823971655835706019
-821946587924948196
-821398745768224972
-821026348241531549
-819587637746406407
-819126412874881013
-816438599084015870
-814547870662405090
-806471969553083816
-804484783481168424
-803167252416231023
-803085965163146707
-801963422874802019
-793307033729093466
-792932128371822076
-791574422861166955
-790417704174489372
-789315705139548966
-787564344806207770
-782089991317491152
-781634370335670831
-780521298184997960
-779090364245529913
-774405890599586418
-774184299656780628
-772728562972295952
-771437184794373522
-769409692924264659
-768370717544574961
-767619303281080634
-765927350767428116
-763168109772678808
-761828487947601597
-757702051443789358
-755495816376112500
-753649025416988696
-751000642477789486
-745083947369356394
-743713951688729275
-743018867018300448
-739173604579121957
-739021692332531088
-738836785662097047
-731490645027708319
-730293180704176355
-729626456833112356
-725755002183225952
-722906945494590038
-721566393062872003
-719953268217219537
-719655571872012886
-718793872981212026
-718020963046779752
-716890054737099709
-712842401175089230
-712242777698986069
-710449904829419759
-708469414908024188
-702743275228011219
-702490598387910422
-701642542453140499
-686791727616579227
-686380941210378065
-685740268595000410
-683911443840905552
-681080153086677687
-678715448897152972
-678031915963003034
-675869991314188362
-672219713630171845
-669469177579670346
-668657944850739480
-667293061054482780
-664171678989943380
-663913003736860803
-662999509033211243
-660426548694593562
-659437796449740473
-657560728639644755
-653875367087301405
-651519057871546097
-650896789096360553
-645658991072228658
-644479524415812447
-641574192945609585
-638668324685514462
-636229815959694390
-636088782260565667
-635894394425494059
-633831328679374837
-632790119859981530
-631398060480088958
-630869644910383349
-628201287818081663
-627241395253141568
-627074351530831580
-626517176051817512
-626285692896974067
-625790600626892626
-622756563907938449
-621774118851024576
-619784000167779503
-619391038314305938
-618394653846555307
-618109576523812176
-616859206858257832
-614320299170502562
-613762335777918918
-609147314513474946
-605971100633330110
-605149565630940047
-603022603418235021
-598487235665491542
-596098859611611988
-594984648039606317
-594067764202062452
-592915238004438676
-591816001780283739
-591180858425726291
-590726134853461956
-589905552300428425
-589851489699780655
-588879510044573571
-586343265763916158
-585108617794046582
-584424956974570916
-582870811073753224
-581943413961079095
-579484908891578240
-579205196581505926
-578789224536989161
-576297374987838618
-575766066245006761
-575710693911730582
-574291245188434994
-568972931414663707
-568757077907761055
-566571641583242334
-566088193812701334
-561877069082605536
-559324415915876378
-559094281700520502
-558235879818826455
-553925297647354118
-552952548863791821
-552330300589131892
-548314160904203347
-546330616233434820
-545778228768147256
-538763983315173775
-538596590704522849
-538007652053607170
-533498244310096249
-532506822008275312
-531998500107383191
-531562117965287642
-531560915901025001
-529729010291377828
-527519814919623143
-526772376188318450
-523858002256182370
-522966358256698007
-522896985687724023
-520687466039893451
-511382550777160283
-503787218914166195
-499423129594423052
-498071293650962546
-497717360020016379
-489216984645128135
-488494486658235651
-487238083944073237
-484520828531622599
-484453066617275564
-483071847699653789
-475743544375880494
-474232654309997929
-472388867008074281
-472037822083603615
-470574424786886446
-467902056140792754
-467519007166257275
-466353655621837754
-465496876931046823
-463346438771344997
-462954384708076381
-459451252884988621
-458392320527873212
-455506072763039418
-453022153414229746
-451358977942755792
-450535303036033565
-448399347337725857
-447667441304758352
-447130507067265021
-443570073916865332
-440349690194704076
-436537291164069314
-436167484030923560
-434991017002194626
-434457986914796293
-433471135798312358
-429269338774165914
-428306443002465470
-428297960202680994
-425604758192664959
-423175229903982599
-421896020594777647
-420651534400973239
-419810197502488634
-417620449537954495
-413411962938892827
-409187072440268311
-407429666176912873
-401025366023788493
-400089965206874673
-399717992885321108
-398389087902301095
-398290891419422658
-394474812893306980
-392263434589380601
-391965450563900592
-391177116349963022
-389414746295324267
-389360240544586630
-389225523617681781
-384697539359023917
-383817370584425974
-383429479068211781
-381863299312722626
-374568541124501850
-372384011990308182
-372124974668159463
-364501728871106264
-358285465645865338
-358153654343420271
-356795288143198481
-356159277033059376
-346530919735556823
-344623706875936137
-343802285650056878
-343216600901400577
-338681616532125225
-337534505749232865
-332741755352623546
-332613991743292939
-330818246970107008
-329548146761177273
-328691595603531110
-326417289584481170
-325604403967217124
-322021183016879436
-321534137018499548
-320973933950033016
-320850107266562949
-319976407505523665
-316552434646115404
-313199731572360158
-311826965051392628
-311531985790676062
-311333877343395117
-304918979061931964
-304042509520785374
-301204909195433509
-298768848878547546
-297584035362277701
-290214526571539137
-284261390699484299
-283800130211217058
-274828613566271642
-271815674427190533
-270524010229493975
-266297242783986136
-266242501585143378
-262173636432130206
-261788565507199725
-255545834775691988
-252735369271257612
-251779988931758373
-244142905091584699
-239445854312058343
-239366115729483184
-238245659364673052
-237011767029692775
-236429329632097264
-234292153520897778
-233269896337044315
-231628254808226241
-231182252908318294
-229764944036741127
-228310856221353176
-224081505720312731
-215323399256638224
-214784717692369759
-214528912319444507
-212271728369459084
-211905513717231181
-211755144112416468
-211553024360086010
-210507979231049778
-209165610687828555
-207714100801586823
-203838098006759943
-203240547463621052
-203014413477224218
-200062806927964087
-196657841860369495
-194921703004707622
-193726803466863382
-189778501792396899
-188272321545797404
-185902579257288568
-180761999019477392
-177213981488165887
-176806934405998673
-174369112622304207
-174127999289491554
-173981678188385281
-173859875519599332
-171502793598751341
-171408528687970292
-170914046172706951
-168340708872236161
-167921874849931676
-167768666755696676
-165089115520631819
-165002596096164994
-162352731913528279
-162270716393477314
-161975157199170044
-154928579012276597
-153342342804184768
-147168668442699080
-145877360917684655
-145466170052770362
-144900166929113405
-137431862849232282
-137314874150364024
-136417768779032182
-132135015032238199
-131674678528809203
-130835357849538305
-130703386185502237
-117270061548984444
-110041886622900921
-109491653485076764
-107259092961762735
-107255649078001581
-107169510514107938
-106341211885227267
-105960662464661816
-105658651438489644
-103401616131150509
-102178119417362319
-100568866469373416
-100233661225304708
-96958647448976189
-96920090876775787
-90550521889732904
-89718981753803569
-88173815303792167
-87086256952131954
-86740564831638550
-82092906638685132
-70136592156194983
-69113968520610442
-68726748991332061
-67967438571634502
-63459767725108440
-62665094965826530
-61924050658427680
-60289064827721460
-58412258795842776
-48462418835220597
-44856111219613283
-43544166130474297
-38949145382104604
-36699358414875027
-34009013620921455
-33462243111322899
-32473000719945443
-32363802784611745
-29613387669337793
-26742716255904016
-25253525532758860
-22864303959232114
-15963306070879636
-14957040321002252
-12390266612807277
-10308224900848085
-7491276179358675
-7364668174629898
-4981725235587198
-1927381715288175
-518578302242424
-426598662332052
818057863233381
1371726221104389
2751155045952935
4415739674273983
5988842544001276
9173262428651079
12598597674525964
13798974113028294
15270550994976421
15741826244703116
19161898255568273
21018379146318275
21183328586071731
23637514300790809
23968369653843899
25375430317424689
25441324254776775
26669809780540485
27118779968206882
27152022123358374
28158228971999312
29525251696687797
30975802435305054
35155727860107426
41806364444499941
42096102009101008
43739445197227124
47407642355614616
52895775219697615
57362890587091950
59740767740592738
59934053138721600
64563814875132674
66952785590124920
67685551326630828
69955959824187130
70312523689861679
70342314177872053
71230471311365292
72602188301239118
73615194529343347
79930549094355294
80491152040278056
81284337042344407
81357268328828262
83212249137005075
88093898185916761
89061905801487097
90471546049882320
90505008591871620
91902565697386496
92168409395762338
94488393546707716
96623722449481368
96819234723681177
97668522082459859
98189834359176215
98220085854156919
98388430783670630
100096787186180806
100450593763092990
101262369306687548
105464709204205356
106660929789452118
107314147957681595
107534492342134334
111402801259732205
114280637868642832
114536867171865375
116839407210216024
122346596886795981
123453861679484383
125552514146303460
134926005306489365
135993838172690294
149348927995915094
151432879263514213
152880370180785320
154426371227992247
156908366141799296
159633273585473553
162039742537705107
163157653565475667
164652420032754357
166251069424013709
167517719996754183
167961615671676513
169056519599321263
170302646070145848
172584983858299281
175188305320592306
175517091798304475
177530361942647586
177756311953924252
178713208756272340
179558063847607125
180711516099704419
181607351913626684
186801317081593926
186939657862240344
188339952009091283
189132298232364003
189798025342351767
191162862017160682
192053528879736140
193246760363233988
195626625487055076
198072801557971857
202433959654386405
210880361833774401
212641009568084354
214017619518539832
216885106181104027
217073325288692362
218081626556411817
218408569150664496
219182816093495662
220946907577466044
221025314958017301
226283650678559846
228005027519588094
229857294149857005
231932186653725781
232841912663522148
234509725628621068
236611753767718978
237172442550287549
239074701353493832
241125828497458303
242381312801106831
244275193669808104
247277627161876178
252248554328846536
253319692721878631
256101603588541116
259182013784725826
260675099865217899
261379863163679464
262724280527425401
263794697568450273
267179389362732918
267320843476693223
268048666543241047
271300241205730104
271715670803925754
272369506428855887
273840357216726158
273935610847184862
274148594012090132
279631894198874685
280271423246616221
280546882620299356
281507518310015824
283437969026341401
283554560160560403
285550895060388324
286640188932197869
288349710717669891
289449241205455746
289761958085842180
294366737498882580
297723751080270118
298891699704187866
302618277240071575
307814345607292054
310581984944626133
310641515641328208
312274540418429356
322469500367400379
326267221117508925
327203094929896387
327434872032296403
328445774145918894
329347394862384773
333228288996686508
333285682653244836
341380735515436522
342349450521276040
342498054825775385
344745402616614690
345115645854775691
345146912761679346
348183259927735460
353394997750391701
354541147431187599
355106072215075913
356355403076573729
358469127516601132
358690018197465496
358742826301995718
365565008201704835
366712902004668764
366803106402176180
366930213995881042
367303663546484261
368864210903649420
369938132088776941
370788560130157376
371115074001830642
374290152970835752
375735876015990109
378299553807776300
381356594252051290
382009486917844541
388616515786555767
389505867299728092
391403386315679709
397834175515262056
398348444234863418
401550580033015633
403375054000455957
405238055253140664
405391468976618112
406872496158497214
416653655068387501
418706219421133306
419442658357322419
421023127259630289
424362758210812486
426895331624203691
428652526809760949
430583164174003058
435907091039885436
440928959179677389
447363975015503619
447785233706698903
454324117213121436
455404851354988066
455940701324981931
461325214629621106
462091254125609208
462877678224841224
464315776824272101
465130708011684867
466690106526022068
467346214701719964
472614671334754037
473810795751036902
476960183811277953
478736255224401797
479196077333235842
479642224276805662
479962729607558640
482312270720886805
486031341460167380
486313638128551302
487943979115578638
489208905948564419
489351615936022354
492373744513152226
493031759752415864
494611594167272498
495842142450153300
500366981806249249
500820493738302476
500838963576557954
502546574632690037
503501560917187446
504203369165974798
504216812451733219
506744954518201854
506848045037595760
510398090607220952
511108894875518718
512430108722266591
518068799943687423
518332256913807918
518937540023365933
520041681696364992
520563117746342807
520717765743933087
523220914321356890
523289277202926987
525018638797400282
526473962635274473
527016302781986352
528399336246076093
531240248411091731
531567809527809660
533945520884194145
534814873961623200
536723328600685337
541155486860418783
546408095296178988
547217520574264249
547509748805273239
555096904292919455
558823878910907569
558829585895041996
559085923926422652
559785316835861809
563669794451063087
563705092160170086
563792326132942953
568720785986226348
569206254832778917
570915154350685445
572270780579639822
574219745713172109
574287151320549352
575982038482787151
576787427244627400
578179697920867423
578521003884317641
585336309022358299
586725346267137105
588445738727750306
589172023878781343
590074075774130761
593237029765165828
593454626412998623
597169484354098005
601531997294366999
603478189669022700
604029580236302770
604702652478758818
605474592886583457
605495701060012618
605747915007111249
606427636319092700
606582132696626543
607536189493107997
608029631104893851
609007018597001074
610407469186436332
610470261566087758
611078468724503083
612263452930670657
614353808353712139
615851137652262099
617475671356482117
623197503440617642
623962298178185313
628661733283616722
630291112646090440
635582154078341698
635783568706002706
636748055377424647
639176174925566093
640213368488646476
645018216420144410
645331286774180363
648498017344539240
649712811510162086
651282045616112174
651489322249013393
652236312989253914
653015519029084586
664550944211605901
667114803181586709
669925846466410641
670213124551938152
670942158745891136
671140611457241251
673227519005430331
674001029893788277
674123827461230082
674460620705423905
679453385404928544
679827236864790065
684250885301396224
685216056515998889
685303255471574830
685616001387429995
689221460917650654
690143148772963644
693819028914395278
697823708149394030
699849502019249288
701505922847907915
702395587757967604
702743447811153351
703953521269427799
710466586806703855
713630576877977714
714978625188118858
717592360090896317
718734124322108705
720982167578800848
721912353382402861
724260695816749744
728144078175328097
728587241372544218
730512451646571052
734517164468368073
735123301454142873
735625019501182687
736109333475909036
737145626626660527
737828159829610232
739195568821712203
739433695007002576
740530634555291914
740537307998133269
741170928048037619
743675377881588710
745208748613060355
745371784511596495
746543583081319535
755119791043871848
755541077090744582
758239564018193584
758470036932535580
758679105050138953
759764814102584896
760753472585982746
763461806964413230
768183593105667290
768691861865839578
770510337762539579
773283509678728352
774449483255868367
775276778758309497
776091957364304027
776688182890446740
777236996731946460
778094401808525703
778136343070878612
778696555508763652
778953926036129940
782251445551324539
783234847930500676
785726790102754011
786228012166903596
787189237747697412
787574881274432050
787867420849074068
788551772720869092
788793413087151948
790396324570110725
791099534044575890
794642041101305539
795564104009348996
795721617020360360
796198971920836875
798338134394479319
800448048294660184
801331510257879807
802772521398995472
804974981281095544
805020360052866510
805046397750366468
805236039165098417
805304751554055256
807359745460983107
810527842380330823
812401845870204016
814593063999025505
815400183454901689
818231107716312431
821073406661496294
822880709736055477
823306141412408036
826190298496607292
833972396222216284
834710560730667080
835561891071043646
837438025895257420
838719280478483513
840130738320183590
840482352464583702
843403445272571929
845736580182651306
846075405871350997
846589957199519622
848382058209988581
851245147677959737
851864938574749108
853942597418517055
854333717599186487
854380159109338403
855663796496305374
855789008515303698
856227557441938346
857730869550506260
862024585245914810
862909334562828117
864164351101439433
864183983447129783
864563618945464146
866581142800051277
869403691200616002
870949794583338544
873632566669291445
874993554092827533
876622070401755483
877760999959686886
880487788681275992
880807188017293175
881253260723204834
881643229669093108
882326473792213605
882820448239953950
883370038077570413
885156501649355865
885710936554953086
886070281098898487
886876647098930486
888307046338858596
888769593103053393
888797193959359745
889552067253414785
890132069845978218
892052811397011247
892849901469387481
894533816355060027
894841472900978567
895894942249878112
897661373772959724
899167673196928241
899691144789824933
899849583331872065
902186685463245373
904906754541478942
905022745790019238
905055573798411843
906404025284633700
907073527603567219
910635553004536673
915949550129546181
919741532579537839
923094802414471493
924267326462083118
927487581825714802
927973442827715213
928416010634184598
929459992496046674
930725585699704064
934501002205035455
935481997854640076
935756877825527846
937091454499759240
940282317325663107
949476539956015046
949850261536067183
950604606016945193
950967996198842122
957900930936388368
958865368397270814
961597764509925037
962378291033948835
965213549557626006
966877158902054160
967970765890835822
972055053349041390
972599497099513495
973338274871165430
975162155049327206
978597995386935614
978667116915942353
979106456493433884
980241630659557339
980309407050816908
982057613267303601
983780499636185395
984872181273295457
988453521276059193
989017791037725138
993018078523863343
993563544376476734
994879901411633928
997290347205657639
997606413441086929
1001814897855436348
1002150030633622980
1003419708570365652
1004121554873696138
1005188474183400036
1005589829531039837
1006023327848417083
1007588870646413214
1015129063060089055
1018467758369003562
1020186760842252054
1020846120793814058
1021254433475065513
1024522108695940249
1029595309440584318
1030607944838047862
1030673275429387822
1030698785899789448
1032125386574478835
1038371615329065432
1039129760235285158
1040022078867107025
1040856915982112003
1045037191982971701
1045609077395002302
1047439765076091278
1050036249432639632
1053361173591660360
1053399470552303848
1059018575881925581
1069213229528415197
1069504387853465941
1069872860847573101
1070226497767886077
1071231730073103091
1074526885001214077
1074614895675794571
1076217686144505223
1078605535607184309
1083995189595102088
1084528081007418404
1088340957760698195
1091019816461731868
1091861096561829957
1092597657035958727
1093713391914184810
1093842579009082852
1094001790839010499
1101038198036379641
1103738377675232386
1104234437169470085
1107273257065986412
1109956616206204203
1111588492586379435
1117714308433734586
1118180229152290634
1118264292125622868
1118544335101140117
1119989604086737633
1123878762653581953
1124556874724505235
1126343486924151485
1129504321596905870
1129565714826814087
1131432818454031141
1135492870481394062
1137171503132800746
1137246864798433918
1142436998685402968
1142554294944785678
1143076009119402398
1147150770820888499
1147324520230668489
1148500862803109126
1151368412660443745
1151756653957538751
1153023015052772379
1155801610165512482
1156415528803066271
1157159812897637253
1162203871494114415
1162642862119754583
1163999912997299076
1168708963648178963
1174083637027966079
1174362431017121279
1184017781481558871
1184415950570242403
1185826519537517018
1191058170844876729
1193838159642611420
1197076026638512478
1197244044772284515
1198677277354579567
1198869095846007106
1202306793763360238
1202577731382548446
1202882510474997138
1203544282072699513
1205390801760463604
1205639292058705993
1206278629348903694
1207401994612577920
1209446022100284941
1211502655936710010
1214742944568422357
1215088422763781518
1218568852298986673
1219235590333457995
1222689411420316153
1222866248140090988
1224221787178363624
1225914080328572699
1227328872125821591
1227723033066069780
1229338023836927527
1233865477697150339
1234335432309668298
1234548936574973198
1236942324856767527
1237050298840824671
1247275129850540711
1247592411869469446
1248219373849825035
1249053959610171046
1250003171682248105
1251927602374052047
1252093678932155645
1256046587729931141
1256565535586118420
1257791047316772850
1258726545146948901
1259281678738036998
1260670795519270664
1261102793283311559
1263958606066309214
1270740726346548647
1271845559127479524
1272045040738753575
1272585479925576774
1273675838417918323
1275206691540044791
1276724175822072335
1279189103412048233
1280985304210915258
1281229076082858178
1284556739761440359
1286911297374265427
1292710747490301676
1293940884265763243
1294054943878185289
1295386791963527240
1297286051020876533
1299533201834974866
1299854031519671174
1301596467477197052
1301900543597116897
1306238588166284361
1306313220151620168
1307915374272937392
1309210257264388751
1309662217727684697
1310161908712605189
1310456915142175073
1312866783226703974
1313783803648312929
1313987254439937273
1316124308877302536
1319099137084228081
1322784936080113695
1323000970316539180
1323346854332873225
1324485569972815727
1325117043448821050
1327401282089438705
1329927205858706889
1332936250037156315
1332957386953660163
1334027698554544699
1334226961783946826
1340146200950310367
1342555683251089234
1347198948005271387
1347817987827301816
1349094057320385828
1352956152714774401
1356789472795726290
1356850642828961454
1358743253185000054
1360903476574122185
1366803994955662028
1366975603096375718
1367496510911988508
1370535585409311747
1371206335477244832
1371432557876861283
1377309586398252605
1377982862738508581
1378841942648583972
1380379562459824302
1381846375100179552
1384249452267127129
1384506389871291221
1384898588245575647
1386543309646006135
1388942998683870471
1393098972083056675
1394125722765525581
1394528017485040504
1394732000945249454
1395371113558054840
1401358932568422501
1401918568741148995
1402914190205681310
1408204592732496526
1409074437614123438
1411177646962274074
1411687133082761683
1412478747777069806
1413632657122399399
1414961838304003332
1414968551501762192
1419004087019116722
1419055511208586952
1420821623234087849
1429584030008731816
1430688685222908321
1431844969748345446
1435041423426602632
1436638226127800288
1437190406569180668
1437861471533808599
1437974032473810602
1440774327206648481
1440866382257882279
1442454990429809090
1443801505214159563
1444082987632621948
1447445786038966219
1447651867023582272
1451383449886463224
1458515839473320344
1461873521758633648
1464157217148694561
1466264226012836689
1466922504453204713
1469909483897579617
1470109464046349930
1471047751688908075
1477135994811552304
1478014150400475979
1478649060417826947
1479491409701084930
1479607248814224122
1482462452789596594
1483574751173094864
1484873440071622897
1486191014933039019
1488910774191578809
1489891794450299686
1490137926280043976
1494457579742184381
1494902013364348230
1494977705536420927
1495212951668206809
1497133377385481707
1498401136168348397
1504068327810614390
1504255537079765088
1508156930175207654
1510791412457000838
1512347311622545432
1515068500108368908
1518917610097386713
1520103534333109414
1520179121562410593
1522653235543492393
1524761668940078361
1526844858989920874
1527061923192770670
1527852485252009577
1528836272500990036
1529206478734574569
1529344500113753376
1530103857847381772
1531220263490430491
1532633056700044026
1533413322295171061
1533950732197404022
1534361312546120898
1535372978086279175
1537268725925478163
1540100927120914351
1540277229385831290
1546025084635557679
1546254273904201118
1547102296045698668
1548046750372036957
1548634342552129109
1549152315869106342
1552106873919457990
1556612101424891709
1557631150616438442
1558917134105627254
1561602687936508555
1562153640220757808
1563522108195275628
1564211021828964102
1565493808249391176
1568262590875613586
1569104483420647944
1569209950531771920
1569930342004812706
1571083107014376957
1571295979215911965
1572363747786905158
1576761978386147091
1577329975443625935
1578004427928252915
1578065278923257496
1578940572308010057
1579110620782878729
1579141532882806740
1580851023228927271
1582387005506807880
1584626202290078358
1585428193562246590
1587094983364266044
1587513856117968833
1587813777350256463
1589145360717022434
1589700319463669051
1593206280877350264
1593857308470277579
1594580975823329191
1597203160705433346
1597311000472493043
1597682081746055136
1598152904063543111
1600234301514424457
1603103568932040670
1603535689693347540
1603877340776505981
1604117337527309160
1606418287726483670
1609890708978579210
1611281169351950391
1613186328068014346
1613665664206726591
1616137336227430976
1617779326571103080
1618425449466575737
1621680646454894010
1631689705204142143
1632300170676276497
1632418778017367811
1634159604532652100
1636107535902323039
1637941519435942983
1638508714738955159
1642015348925182190
1642426113270595019
1643062854690006889
1644344132577965070
1644993576133794926
1648276599279859088
1648630292397681169
1649117137370500522
1650082543201814785
1661384530075894238
1662306808904715459
1662573874662069954
1663437196238268495
1664130895011818347
1665516657914337442
1665535648391090245
1667313795585605205
1667544834174324115
1668880940658850883
1669547680058360475
1670665408470959803
1673724104794847312
1674464027125708504
1674879552047779992
1676583038723972595
1677212877415801812
1678984611263643217
1680094962504793073
1683313706250728222
1683906648350698495
1685518817649709366
1692091648678187129
1692123675351651672
1692478197158844085
1694662537449783022
1695017284757855130
1695414192790909883
1696650037769700871
1696845519964206048
1701479207942545632
1703711364165817777
1704082157578179042
1705144023699077135
1715132716830373112
1716415841446067016
1717536978326648647
1720014160446449943
1721162928826639397
1722153864772766324
1725132225402531157
1726802877342565130
1728024423114404801
1728623989709750558
1729259186519292438
1730638937251307529
1732732204806034583
1734046302734880399
1736924050421072646
1740623216525530677
1746063584617376513
1747873623199468774
1750567486588804307
1753040921837190531
1754970205840034660
1755460505054442696
1756919457176911547
1757936959750402124
1764448275219570282
1765307421834915540
1775263680702353178
1775680307818274099
1778763832228330470
1778958177374377055
1779213564298302532
1779542818981091890
1782933613058504236
1783940326792351099
1793373160647827523
1793410264414936785
1796126313002438025
1801968315794973018
1810079935735731925
1811519019630530780
1811744927255167397
1812600204727660846
1812651163290813777
1812837842206716902
1813760480340442759
1814083012938439942
1814438476897783008
1815267820801668156
1817108404499925983
1823352345972144529
1824004845511426115
1826342613794229566
1826588508054059127
1828697395505422859
1830796116083382285
1832935269959041834
1838933432911332861
1840450340229333737
1841594304018047585
1843306399678680582
1846746493248636443
1849430161913270200
1849813308284247659
1851566747007209890
1852764976324952551
1854484389426346473
1857257205208419013
1858303001082611192
1858412569031856965
1858510722497116610
1859522855485534876
1863359657377961364
1864077009967889961
1876789988161636974
1878742553278917474
1888229010105817604
1890418223552731817
1890759793015240765
1890858437056479753
1891533255627104794
1892197572217713315
1894871942928398824
1900362700619777993
1902251571949013329
1903517593846413474
1903555982582532154
1903713058573878076
1903921944240528579
1906324218924627614
1907380964587563425
1911851796116135373
1914921450982566154
1915771634519353242
1916340770795618201
1917570143890928445
1919687844724872280
1920742334528842541
1924563280868359821
1926102139241236663
1928199264821470553
1936538481567501213
1937596955747211279
1938064746479121874
1939987248009470143
1940668251635423822
1940713601289708277
1941182932480486155
1941415997541244000
1941743424404329135
1943056025309026265
1943551466431657999
1943608431719726181
1948726964442300438
1949291720328997169
1953290369290525853
1953344832797486923
1955339465195225776
1958719060641859072
1963028579064546518
1965352480726324592
1966083303391080131
1966123483941288468
1966981442475117344
1967044332737523385
1972550779118847129
1972981598630413561
1975762929804597042
1975915028616094894
1978286075534334405
1978617527471814136
1978649845824433880
1979764455792397906
1981053530948935085
1982180372362253530
1982225543564834160
1982749006981110217
1987102799116040355
1989249387582298798
1990534132800957640
1991461826127756297
1991589905724049645
1991687763440349764
1991864525258524661
1992487275371268762
1993074689624365424
1993400372189233472
1995168693039167617
1996141027402625664
1997123540238070085
1997307247777644339
1998392181689300820
2000592608614386138
2002222208428764342
2002783178502553414
2006961258116620212
2009374627396885791
2009429661117761268
2011101071157131821
2021178487040106522
2021712862393003579
2022303652901435760
2023274522386689389
2023342892083323073
2025975217239289513
2026128189901037502
2026359556999770768
2026504281971630053
2028649621623700147
2030363841867582689
2037134069280591070
2037226975637083076
2038985889244570888
2039587272226383732
2040761414527083968
2041261238671484593
2042411446495984348
2043084180812403433
2045292574805265752
2046540355615898534
2047671734797332791
2048356523510483748
2050810299022700992
2053726754318495415
2054799226222317151
2055713438560485687
2057631224309229996
2065189452337500668
2065558680977005157
2066125514080023539
2072157615097811988
2076931189520513328
2079931046238197254
2080197704267103682
2085709632587118875
2089597277233736080
2090793563779553758
2091397000858905644
2094013715773690662
2094388503197559380
2095085475701698150
2096193413438762664
2096541052814407619
2096609100115739317
2097359815524924781
2097620892655146458
2098246296515574827
2098900374386469815
2099533910180448662
2099635613690953405
2102871562894808578
2103250461853888186
2104857905406629773
2106564764407433410
2107226242447279986
2107231354494497698
2108802878449409674
2111051816516785450
2112851659905097849
2113343535357122144
2114108326156551227
2114178524408384362
2117556705211139873
2117614322617763739
2119053251648668732
2122289727347860371
2122984033984392295
2126577758925599875
2128202426631463862
2129444098858421337
2129613203150742370
2131179252961317705
2132374268590935595
2134071082158793147
2137392513144112849
2137413768001803420
2140725381244761041
2140752349823315137
2141856722883685557
2142174132528848647
2143453740358002898
2145580142037384277
2145728808813299197
2150777228877871333
2153209743938771707
2154948145499508848
2157356077975992823
2159401131523508143
2160595781718459001
2163654906645763346
2164576329803376482
2166325180090495364
2169356609324798542
2173782029607125117
2174189640580731736
2174438011256837380
2175736772962861960
2177375704059604526
2177480916861701948
2183982411454831655
2184438342521783420
2184665109948356405
2187800528822721729
2188434905852533914
2188914114200361449
2189465377706321696
2190084609570404930
2191124392862705355
2194484961441314607
2194687670339030595
2194953235420422364
2196395037100569957
2197976211050259278
2205009580965292000
2205105254429980951
2206592884225111002
2206627852580643592
2207240899507942941
2207347821713395860
2209511630784798822
2210854830149311880
2210948626786087240
2211037793301251715
2212059404755910494
2213018940196536239
2217504872478046912
2222510895948650389
2226029544130778603
2226211821984598130
2226501263331322629
2230299098675103754
2233598518360088337
2235943183099247622
2238131894711430222
2238671902888657592
2239069204376596975
2240738291554298043
2242802117167331424
2245231768225806479
2248700545113118862
2249217535998160366
2252132766022538301
2254313067732083561
2255226799573275086
2255599570257297499
2260893171723259566
2262743836610287588
2268027458699248560
2268119368557456737
2269133304324199126
2270717781246372413
2274576214747648342
2274885014837419764
2275403986604373365
2278822741072344833
2282847050241734176
2283024000619401428
2285609545933456514
2286726256623750328
2288775425795563628
2289492599363361379
2292496858814125032
2295618336988017791
2295702065121376336
2296901053188198075
2298360482893942491
2298540945308331332
2300526396345008794
2301114546695289113
2301955693224699165
2307209059675826757
2312053460268598643
2312525751322373015
2314283294838813941
2314453324649857390
2321131886737014139
2322241303145831600
2325354548124597909
2326631210195442667
2328371192297117537
2331158580345887328
2336572413226131887
2339007276450233512
2340353255268600818
2340557597736223459
2340608061866219764
2342318899173240027
2343171996740950196
2343868212405009582
2345985672040877163
2350354295937467079
2350836485077873953
2354101939358263964
2358666911110640906
2361934541345480077
2365638755071967001
2365971804347668339
2368405208698964462
2374623565325126701
2375711354406553211
2377590064958110769
2379111355639566252
2381361804556455746
2383162819257714266
2383177227128257839
2383305801796221923
2385017924179700020
2385549226864532875
2386152366064951162
2388041291675018373
2388203238401250152
2388889685695121117
2389301248198560434
2391645761644766881
2393698420713531370
2393942143102921618
2394575783423119795
2398170732901096880
2399798182362464926
2400243424978547595
2401522439237698152
2402349457102415578
2402921018877107339
2403031882156731083
2403448228146726565
2409574685727986538
2410430527479688271
2413000165329031885
2416752087276068428
2417529587049143115
2421249721713516891
2421444266427105476
2422015810549840326
2422755702775061984
2423608525058228927
2424075928041619750
2424990372897683523
2425243629267773368
2426009043089549780
2426511463097425332
2429394723021569614
2432950435421590900
2433599164223824416
2437717523482514073
2437803930728585649
2437815869180422994
2437831789603236572
2441022575869916255
2441026329420603733
2441291576634599327
2445077834183284817
2445512552211678995
2447013470953258007
2447680414925509623
2448569301055042237
2449787591082293846
2449899255032060565
2450033775199051969
2454378174032723376
2460509383186710299
2460534623104110345
2460953281259022014
2465017765532068694
2466214988259264535
2466303072834818951
2469251636554362499
2471582886012408668
2473023457014859554
2476572708167205755
2476705642878347164
2480380519589796296
2482333514504744685
2486099844132780279
2486683622036796974
2490101674154088711
2492205036441535127
2493854639545371290
2495961991209658007
2496819298214118231
2497299652210460987
2497435163173958876
2499407369171919663
2501044718829721038
2506435038462070334
2507389525358966326
2507495861950822367
2514297849660917663
2517054477346185818
2519793649971274119
2521469295535640339
2522901924372502753
2523456472119806382
2525395245529678047
2526602218031826942
2527854117770063663
2533771005625430772
2535674887073710720
2538259558252295612
2538520232538370392
2539361959916173136
2541166758067217937
2544678949222856237
2544732731444302287
2544742576778549248
2546570204225059670
2546981636360349799
2550677027048786580
2550942643706383633
2551066219046724545
2551792310312593645
2555090959211069892
2556826118484284141
2556914806151052633
2558457338778625488
2560019735165604608
2562075059486671225
2566568074255633725
2566640930494934764
2566845513811080212
2567241210393742430
2569005128586674115
2569459468241081791
2576074170532180711
2578395425337795826
2578874657487341594
2579019118641288744
2579607104773517502
2584276727161880113
2587737711513894385
2587880804261078405
2589167798087614418
2591204280129378733
2595317236210800283
2595719630036212376
2597534779681680239
2597974356113419868
2598464091755028319
2599124140760036868
2599842860566549305
2602034040064527250
2602354790009760831
2602445554914869116
2605060183698448787
2605215995911998892
2605584970909537630
2607338201699530888
2607505593789585395
2607614983138528059
2610764511781477698
2612583556472941765
2619833122102386250
2621745968630559314
2626830075494069878
2628189119406815783
2629342761954460213
2631222455934402528
2634747818228221377
2638606250629965672
2642463444948524099
2644783440221388607
2646754043683458704
2647653133297474552
2647674851159965255
2653367499594447040
2653470624786277231
2657630757446664222
2660561111367939259
2661788716359603650
2661884878719376299
2664968950612306395
2665365820137583538
2665523691117010641
2665594918109837013
2667178061612367189
2667185255312903492
2668210016766394664
2668845155147208066
2668850464028193097
2674068416064091781
2676101839336308614
2679949841336862840
2681156440260643534
2682098529070639898
2684349924990605492
2688099889682602429
2690030052319872728
2691444744632610244
2692074169764505034
2692212025680813214
2692743837198795108
2692744607886737815
2694344107562958035
2695854015013346254
2696166006466627890
2697382323766772245
2697995568409936610
2698261779327094199
2699736067529569123
2704536361604942997
2708048048018419695
2710297432498618944
2711051094593914043
2712367499160110843
2719281038971926325
2721915662131005370
2723773574763729853
2724347756925596396
2726507951918963251
2728022522972465246
2730507047904079734
2731837780996465137
2732494609788899134
2734920476110864353
2742580533170444563
2748444913306841641
2749922645886857466
2751019717115672185
2752261369049600499
2752939629346323644
2754032323117341891
2755447537279378660
2757280085909100948
2757957419710011585
2758917485399820233
2759310190738110455
2760516772148489440
2760987042894800540
2761462696096674783
2761999517264897367
2763248962455120468
2765456271312087633
2766397817096350243
2769105704587996879
2769499210966163521
2770133276496011467
2770407284138766711
2771439378495388373
2771499317974425502
2774665731542121419
2775669591914709007
2777959736318558633
2780480156985364745
2780663533064846894
2781812145746771742
2782364335538552835
2783215415537084407
2783582238066270574
2785145800867047165
2786383861911526667
2786725159067997582
2787129429052302797
2790031221638172278
2794873033857562259
2796036605592345639
2796278745715926657
2798081835945263194
2799391714241434404
2801621489577900427
2802132888422133465
2805114756897194548
2805598736129042760
2805754141694305755
2808594110315202171
2811359072939061336
2813118461727670975
2813208088503290555
2814025952016254017
2814475266038971911
2815494195783991855
2819178051076278534
2819265443920945462
2821003587859727028
2821374882727436061
2822069763757456730
2827537502866173604
2827893320547211511
2827966324449728734
2828268907666709907
2828505951650939529
2830630665607290295
2832002641763218900
2833539146023689625
2833807531851133526
2837873311931837205
2838242298215544775
2838654206141264490
2839562736988123568
2842835946557952120
2846166307463665707
2847740746746347854
2852687569875674105
2853197333526879448
2853922166278771025
2856456051203135025
2856668661524155669
2859469051854791153
2860883756630614175
2860909169742232763
2862881776474490038
2865312388503650305
2870282131017202361
2878062151112650270
2879583716008839768
2881220648004167090
2882314806885702781
2885308884277250228
2887370403567245257
2887483381591063229
2893179201621246783
2893848483838401473
2894001470141861126
2894277842939062442
2897144655242886482
2898260528302013109
2899265285571772784
2901153493744968679
2905903596802989757
2907480540660605880
2907738934834175755
2908877359453293448
2909482081296098481
2910490312702823018
2910753144201100028
2912364545387780607
2915902297279364624
2916157638428148408
2916163554181779879
2925681421655003709
2925709721248431419
2926903615984132590
2929184925669437095
2929476223209316755
2929492026452626562
2929542588002839202
2929921346458052252
2933433188833205909
2933457751767192493
2933669354396012275
2935574518411663665
2936655405726284121
2938521593019536236
2939245970317922658
2940816592798353437
2941782368105494606
2942054013302293656
2942151417630754037
2948073622538270705
2948163127880011234
2949369043240536353
2949582595887401665
2950234518127627213
2955024485550296024
2956990089462611396
2957149710142155460
2958700278528915334
2961808049385477769
2963986940073253160
2967196500998849469
2968457782631389857
2968657668001627656
2968972810282877758
2969100863989805444
2973053750781297524
2975658695245460118
2978020946042676592
2980711976829665852
2981063123811283713
2983128443539186987
2983550616314337113
2985774045357330547
2988167295805204379
2990909442156172049
2992428970875557715
3000771952197640035
3002421130793061297
3002767873987466465
3003056711556379876
3003986367894605522
3004188686850389286
3004971869560885979
3007151619371130967
3013616813084148004
3016176422584294199
3020508255174647269
3025469775096056122
3026094925411929999
3026259695315065724
3027110537160201513
3027259779007756928
3028585062581414933
3029002154414875212
3029439242963490801
3030037248190651712
3033793222507741830
3035164103944469335
3035822666181925651
3041934595375266643
3042993239828879981
3043253690157458635
3044513810846254825
3045358837179627425
3046643363646132215
3048777960551895109
3049420205163343543
3049555179250398417
3051724961751395810
3055033463790154612
3058619521944063857
3059276465498634282
3060293021924682634
3060446620233325951
3060737323270538294
3062598620880076744
3062752302048207767
3062989614067979013
3065921255519741091
3071217209306543405
3072122360928919318
3079733838886705634
3082121151184173527
3083151505304401108
3084403210174974193
3085145035576457993
3086227828143287180
3088478098234456099
3089804663315316954
3090118420010920642
3090738816308100215
3091030484430959703
3091647926264960651
3091779182993831240
3092208107503533601
3098016663379848854
3098872203051906453
3100751551788471788
3100931157559785345
3101349652285698139
3101650976181114365
3106235611549332676
3106823812555653113
3107459348403261029
3109771709612173019
3112438305705838730
3112931560041144333
3113548439355982097
3114426982827841115
3121472162668517389
3121598187954735720
3121603928674666120
3121611539404365697
3121840261343390900
3123883925928249282
3123903932644690795
3124821441024665473
3127690117464845759
3129175553047986977
3131147624935929432
3132374618347145950
3133600071215329726
3134239625848836267
3138520308000914431
3138690323270631069
3139630532899139237
3139705180367004883
3142070351211475114
3142491528692073828
3142831540604059995
3143320906532785965
3143730778635840398
3144172472280757538
3147676193268064733
3150047156114483945
3152011059746124099
3153586907603280778
3153703019206024395
3154643150849539583
3156769419872283105
3157304209501132185
3157378697042598532
3158008880645501860
3160484868989584734
3162912492302103263
3163419325594278913
3163781986124482971
3165638715396587003
3166776690387237393
3167988681745917854
3168546660973703598
3169058320718905541
3174316948042257110
3176043040124711655
3178591863665421453
3178754107180242825
3179786924078797816
3180639476105294139
3181194275247030057
3181242062000649399
3184801519901192264
3185575253317379900
3186510009629370487
3189502206173194374
3190503801258932684
3192518914395534391
3197998752229346536
3203429500712966882
3207690893052897438
3209564193720619946
3209620256375648468
3218966079944773182
3224970699733669304
3226057041294307455
3231662751344470022
3235836544535341353
3236207929397887279
3237085732459490053
3237799796130509839
3239756474022257150
3240391209607714938
3243192963160653082
3245534323565722937
3246032431955221116
3248379157615845171
3248610792106486984
3249125652076913415
3251161506172631395
3251440777941348292
3251485343142821388
3254205636267484279
3254503526550670568
3256511625962453019
3259226273643963143
3261550396793290052
3261576623941968077
3262626315740718656
3263590939131594778
3264522070107079033
3266895895004496582
3270043400271712177
3270378984007508241
3271797645751761375
3272186869353465500
3272534801148059799
3273818611197254884
3274580539483590272
3274637267259089796
3275216466582428319
3275667026928395688
3275730794682316132
3277062391792197456
3278185011433225837
3278691196604196445
3280445939480071220
3282015635125425320
3283080290260314490
3283194504351658362
3284485929487808592
3288643796819453279
3291979530863461411
3297530074485391807
3297745957452965735
3298005114403688175
3302202991376963393
3302307203234833579
3308244419340519277
3310448665772736581
3311093765533094938
3316578041607803159
3318451031352052513
3320964959524570375
3322877198155358434
3328944380995387363
3331256765766504726
3332051548430932100
3332631606378271935
3333440802071963274
3336530423126688716
3338065602864750519
3338666290887749810
3339326452513444886
3340693419893517711
3342368619768997889
3342737871708410065
3344615316765241704
3347133044108097188
3349019423811288864
3350173507169379904
3351327893857841373
3351424145170575647
3353554892445231520
3354871967468524734
3355797186492063995
3358547260782726721
3360964540138626749
3364828375541680772
3365239055392113520
3365582003309270197
3367172799838541419
3369220471215593633
3369979035058837830
3370503673281800592
3375074442766969887
3379999790257909812
3380751279054735690
3380885479196394985
3382566335174398882
3382774469566175508
3384193909901111677
3387063489839262347
3387984401174498871
3389262926936612939
3390355972598926769
3395880906467086558
3396429316351831559
3397023640561103507
3399623796221015869
3400496451215996901
3402108619773921934
3406677318826759447
3409383551065555852
3411493982826228538
3412760404982966075
3413432668409662395
3415094035265155397
3415225079588730882
3415295404963923640
3416729055158921831
3416872423770210926
3418227582559081870
3419729561698387839
3420827479113672708
3423812587865149626
3424713855364965385
3425313817025198620
3427052352752819072
3428103960779635979
3431631946354997936
3431752385967456753
3432245806243633036
3432300712415908847
3440698250533571336
3441312390142886201
3442401066608827790
3444024294049563782
3446758859273261985
3448570476402348541
3450215875156466034
3450217033062213040
3450251777208751530
3450313979894114704
3451298604081545915
3452801253141170934
3454252377638144423
3456490553237046797
3457305918720289818
3457401981338173410
3460289441073680367
3460792918342984052
3464762086033965547
3466162956532669112
3474743394230495677
3476348031645497142
3477537725609374763
3478759828397929036
3478981804628395010
3482828971251904311
3482838820654198705
3484269289596420626
3485315982220543154
3487085054397530591
3487416401335424707
3488462016791872764
3488858112324024560
3489320785235080830
3491799421825103084
3492341337467817313
3496003923171579282
3497876228906539834
3502009984650199392
3507125796886011777
3508079206930543657
3508752215722715882
3509047487140813766
3511857104988547073
3512047791771765578
3512982812064269493
3513932690793128276
3516067921198702882
3517578151549350150
3518764791198059624
3519620907012188542
3520530212228209449
3521367383485574174
3523641346719446374
3524330681843022493
3524734138983675908
3529069908605359549
3532339677133963552
3534510280400997489
3537264338068055810
3538221481668645607
3538407524087080734
3543881647986190897
3544957566231473734
3551485875040877382
3556020783838868116
3557588622979867818
3558198921839909855
3558200791177070724
3558889839015438050
3567123592131143498
3571909522311029830
3576682135795624564
3577210259540445685
3577280453162451366
3579069717593133186
3585664099139674418
3587671477763466819
3590461360066863150
3594982796583150833
3596458365034809406
3596763855470571272
3597229997488760502
3598265625461872362
3599645998974747613
3600508622829930741
3600835341968057378
3602040283169938192
3606288051328303738
3609265915242655068
3610329894121183531
3611898529518770575
3612727308484617610
3619969867122693616
3621701886789456979
3624728194909554195
3625280658544726577
3628250603968205716
3629762422103040040
3631319365308002274
3635190725056498110
3635648352353195370
3636744908128724394
3636950298240124505
3637170800092263045
3638835396321627659
3640138275952522187
3640259341477853965
3641201633376753173
3641612742809083974
3642947398096536442
3643981837133810810
3645782044641398634
3650217861887684591
3652702084399156533
3653968744934485026
3661471269942399336
3661606269874188692
3663402962986346617
3663685619773412545
3664005857404345286
3665353966173446139
3670430617047760576
3673808449543268733
3676200112571614283
3678212133165270579
3679989109620183526
3680018415902678454
3681893899408060195
3682788704546208064
3683145011676971812
3687239366975877776
3687925392604894272
3688526368784096277
3689461993073586038
3692668759299660214
3694274414575333352
3698629530746833152
3699013215571507740
3701900293558064252
3702696026176304719
3706274040884983992
3709592267125358351
3711869576156573614
3713663061739166370
3715165182882372467
3715932049418011701
3717648365700494166
3718891624538820476
3722895556375470391
3723274472413766594
3724780501897697751
3724982168211415676
3725366848220957679
3725749261806001101
3731096514011633972
3731874723253652344
3738052062682331831
3741161006787671574
3742854326659189118
3743021954563571558
3744301560937055391
3745294937736139369
3748386477567701634
3753843268620837543
3754434855959536288
3758512402878611482
3760320943399447121
3762177863668914005
3765916234047984587
3768921692353298896
3770517747120901428
3773773829684015361
3774717144501421762
3778713745397557477
3780684875076691825
3782782554797978160
3782958815270762518
3783747063302399826
3785661956503545323
3786303871852668799
3796773737204902994
3803081533118229888
3805581482319442027
3807350210568719103
3809982236889865118
3814000131554237018
3817675802913585724
3819505899077872124
3819764251847883551
3822049222877526457
3822086431769854654
3828945111449470488
3834250762300427087
3834848195471403735
3835023270417843347
3836685352775663771
3841488854550841307
3846181685374848162
3847367829513371057
3848898234375699963
3851673399358335843
3852613981880931628
3855020688241392118
3855292532403087048
3855548153594607676
3855765660366341637
3856501548090391188
3858488123678699469
3864267553019294314
3872071424127645526
3872679350807978249
3874553891340469756
3876784811939022976
3877501406684436096
3877671604240345569
3878441489271940574
3883174243752084656
3885201477062395136
3894350235556935957
3895037078643379116
3895345102246519375
3900251624530804329
3905994420704452717
3906911371294390343
3908162415141260915
3908637220957228130
3909940655848161766
3910278862196298219
3911805523869052611
3915351105777657027
3915940834698890284
3916912577347337569
3918757555833731708
3920489869944077083
3920963041179069666
3921137737487476337
3928407356943467867
3928728740865567279
3932556694481459685
3933563812650217401
3934137987099373554
3936469936635573867
3940221190770571741
3944482153873525648
3944519198730895533
3945114150155769058
3947617788108151914
3949053946398807086
3950170497457748583
3952085588413985898
3954138254508922278
3955659971720334829
3958322153603131653
3960550632679079395
3962327016961259725
3962485205050992239
3966442042660562657
3968454000323857658
3975327853930262730
3977097379514497489
3987120691896325682
3988365628699002667
3990464002713244698
3993931739612199802
3994306538748447308
3994780653778596550
3998430612432650178
3999431451073943706
4000636856737079020
4001752496940376985
4003401418672026098
4003724396939942161
4004473172989567235
4004609672484291719
4004777545433668719
4006637645124099719
4008982774584418819
4010182100119421878
4013445075843787514
4014199922331606721
4017767618294947752
4018729767421025185
4019903454888315919
4020236535709963459
4022070955154107464
4034820152978746936
4034880592263827609
4036604110681560700
4037546729429680019
4039193444339815954
4041331834393163402
4046613972903201090
4046854076650593397
4049974803394292006
4050006580384525878
4050321827891786197
4053257973690341515
4053700066671834991
4057618937871681081
4058076386721959624
4058263625241475084
4060796469640954456
4061599288540718622
4063699252265564442
4063921777894817767
4065060715700605395
4065508850969444815
4065907039385174836
4068943688413365165
4073878738980968072
4075104107444742572
4081130600321032132
4081147090843573553
4085344351775338442
4085859770022398700
4085907372743816034
4087651111283511984
4090202913263408467
4093295794577866332
4093626733677774067
4095651548813723962
4096976281247039351
4101704827943905856
4104571781333962791
4107993390939638367
4108257902645875445
4114038129047559186
4115532122236376256
4116557114844475057
4119688095835556817
4122771397413782463
4122841999162015488
4123349824580494552
4124836186294328480
4126751036307354741
4127410008898827377
4127495413313862064
4129034734152910573
4131199314144118089
4132505578597383737
4135983011638862582
4136343246957043213
4139609091598772537
4147628309962392970
4147633201128649848
4149580009000005276
4150207793636647168
4156961180418319790
4157830170167866264
4159760297309729585
4159770387206070548
4164200780354884103
4170666758493996521
4171292264546692967
4172832210244302665
4173005642433693538
4173667770776534422
4177873996370291614
4179783793298167741
4179929463026701415
4180083237104328530
4182653598895944417
4183718941097708574
4183763335609179639
4185684484947414962
4187005747166571041
4187916372729243365
4189398106203182030
4190569148200984460
4197353575821273453
4198818069808391737
4199209009303813349
4199921864137977417
4200971028615661449
4202463249746327405
4203371445176043134
4208573420120296962
4209324800383287234
4210299223245489507
4214512325435309291
4214577925239654053
4214951527213685950
4215274258952243732
4218517686378680547
4222300950141150850
4222448020658497492
4223794564096915038
4224377656109699644
4229001421411491616
4229361505693251995
4230938258641601797
4231884582210627016
4235436567177729308
4235836280786623475
4239250774680325082
4240000726855188612
4240887523120652062
4244512075369336998
4245331357510573920
4246215290483343441
4246913217082987072
4247696570133221891
4250873184218705858
4256215428166731682
4256837122220215661
4258260953694129213
4260375362036544891
4261430498349661119
4261741519840351737
4262581703549264337
4262955935522624026
4263989328489065483
4267004960334364656
4267687843042780216
4268213517448849965
4269515771697115787
4270681709214240292
4272000089011094094
4272515495419509340
4274004377904663550
4278651269158900521
4281891236140694284
4287948931516206075
4289584427123419512
4290679526293769537
4290930201057076920
4301716059777343102
4302879037548671592
4303488535237461883
4304533815641992007
4306802312424003915
4307539767083390128
4312737259302287548
4315861292110557309
4317472824506405683
4322058413648359913
4324530585077148022
4325696294743552531
4326562855957865196
4326564110010445595
4327341770668835606
4328865162766893301
4329344308941733718
4331141719775748781
4334762199099395908
4337514482875630382
4339629979936512889
4342525527194604360
4342646855217476270
4344431864658429555
4344567574223493122
4345255610331757051
4346603489295838094
4349796438578471151
4351148947044219966
4351828249473427009
4352782549189839947
4353549439039023026
4354786653268337312
4355239155642110538
4355882315907379797
4358386138277530367
4358515585291130764
4358583662127348877
4359995629315022915
4362089085528170604
4365802573214631166
4366026549247821586
4366283260884318060
4367534214239881181
4376949679970672017
4377486794968924833
4379157785803932799
4380610805730281851
4381048405835651223
4382076430394735885
4386052455635355098
4386855900714101645
4387089773619951170
4387995828447313826
4391422467179844898
4391485799184149964
4392371954362016962
4394449841434758189
4395915532737492840
4396077827172652664
4397455140748539518
4401011039446618301
4401728493942179853
4402162742339759893
4410385134377299340
4411153018082801081
4412786403999648463
4417576868095708049
4420976874353414506
4423763796391153923
4423775988746757553
4424761131648784386
4425030361778905516
4426419245272569045
4429771192607702530
4429882850330095218
4429891140236799423
4433626284444680442
4433766989673608880
4435582908619240856
4437151465174387464
4438000053474966618
4441100117134233669
4441177908892207666
4447703486898302870
4448762168521965009
4450186033687844257
4453001307239141155
4457003569593972513
4458883557650244150
4459307189213089614
4466933460109252982
4468667387687185322
4470577551356955983
4471950458192415863
4472642501939735206
4475296946472540437
4475535179252580078
4475657752700594809
4481779603909646235
4483255854708911487
4484268478264192679
4485324938965471936
4488774111558421539
4490539888382869421
4490676639315772029
4494634899398466485
4496445944147678454
4498130997740671444
4498226961471319627
4498943963835325157
4501188447772918950
4502196867541554895
4506275788528220936
4511441308138667057
4513347099193491628
4514461268747770306
4516600380765699547
4516680330826832743
4518083072920482414
4522390050966024995
4523137124006329490
4526662335281168069
4527090340729202775
4527898742289278948
4530266880657978681
4531164304223729124
4531845807651867330
4532689178566067654
4536838365356773364
4537316569734461080
4538457925725426712
4539531069478385824
4539665964843575441
4539824284033861040
4541962743384936213
4543106035579309300
4544345589979664064
4544495631165272855
4544713158376563751
4547511298606883922
4548453717683112852
4553062967675251194
4553308597017793737
4562057101571592490
4562580421863318529
4564185605145566539
4566462838056440476
4567375124457397382
4569448786306942595
4571411528020321422
4573260012665950839
4578010553600948750
4579630819672087534
4583550190154420732
4583751765486294743
4584644813032847966
4585447595323521274
4587330503162303012
4587652842772189949
4588281866946203436
4591028859687036607
4592220022194338362
4593340609737465120
4594590713255032522
4595934463974405935
4597073003635604093
4598253864631628117
4601708777404734032
4606332815611058243
4607214837454216804
4607241440968778000
4607474981481339396
4608735087536999266
4610125965798041078
4611597820996639411
4612883037934399989
4613420319691653892
4613560608592246067
4619187697627203940
4623053940496837308
4623092765076504417
4623570763859616644
4624596597110700542
4629637307854156642
4629915508545740138
4631059587171127049
4632893193456061744
4636423803422108980
4637044839432991037
4638833685047419200
4641862103702272618
4643467359935577437
4643855451038703499
4646405421963215036
4646633650870762663
4646653105330927100
4649910469019884988
4650950354414863891
4652030698414917979
4652830646333000466
4655857734418460910
4657449361213725714
4658141137560906221
4658291544458591897
4658533967392436045
4664665066714005433
4672083690312486090
4673566007586572839
4674739953172024254
4677952438082617261
4679958630269985729
4680696921027280994
4680719917442926688
4680914531509861947
4685264354548022457
4685640195471026113
4685963648715377415
4686713593793050780
4692957549512017337
4693015904613485888
4693118434506820260
4693336933522629403
4694492165004214203
4695572794242891657
4696439948127315420
4701099846589777300
4702586402826038629
4703605077379039806
4704764736100180257
4704994541427533546
4705446479428285172
4707240289807644237
4708891513897554810
4709360376413945069
4710343938572324655
4716284438472849811
4720226169061606839
4722876497479943903
4723632967426325934
4727334530334056218
4728185837533026427
4728410531671811745
4730421262005518108
4731661961149040647
4733816626709017367
4736839630156756620
4737358841986961616
4740202568873225808
4742495317109193132
4744042566353862329
4748449820223139839
4752167668863146688
4752455093121939841
4757537478085578025
4757738410495188549
4757966943642357092
4758336390982340162
4759835018426659553
4762362870002949919
4767189783850462274
4770910848690730103
4771653787229730858
4772701236621655516
4776069845824762571
4776260503642691936
4778084645440676908
4779211399050673513
4779967991094931676
4784266701422609319
4784599381988682104
4787824355844989541
4787842892736682871
4792207956333067888
4792494970845704875
4794997208930994019
4795470734489595804
4797229350654404887
4797457140243694737
4797939228220518708
4798482250528564733
4801546341344583898
4803590853676143055
4804610967410239243
4807470258461613769
4808329256674899677
4808448300961099003
4809861631715866055
4813239478491083286
4813874046284401105
4815489961607202829
4819629716054308434
4820632682579907745
4822806762900669040
4825076864321874678
4825306772384021275
4827246294427495388
4830185032865401942
4830624755826582718
4840764446021607969
4843133411964820200
4843213800385791570
4845463931577882073
4845929825802004571
4846432639579887353
4850773887954163663
4852997652289443299
4855426108280903794
4856968550360451756
4859442471971003287
4860912216790302609
4863351054380989010
4865500658993323734
4866198649339396757
4868914691500577932
4872112362221144918
4873461633476872722
4877775775174574619
4881072732400270454
4883525301585663240
4883817286304551098
4885256024680656841
4886209899518278449
4886234545701053123
4888839928341111789
4889022928726552259
4891535724002914917
4891868507169792560
4893261244052057892
4895500800798566207
4896799950035281489
4897271356758156005
4898365283181794800
4898463379890972557
4898528663303673403
4898744362671879481
4899944580912651096
4900215758736151846
4900850705946694780
4901078620084951217
4902340686059245084
4903989726025350965
4906092406053092423
4909565387030468137
4910038658444410655
4914793474746783327
4916886770861245380
4919860363698462245
4920559389789945068
4921481846366260103
4922333400382958078
4922913388478071077
4923753347580687503
4924516006866909998
4931305672383829557
4931503653748489137
4932074625110934855
4934636777708345760
4934688210816137045
4934917444012390812
4937955172939196188
4940197506733405745
4940654183005521003
4943845882733095122
4944063340698146898
4947308827652858495
4947879799743167061
4948426429024483618
4950296237941336280
4950715930852361931
4952381647085814048
4952857152191095970
4960865947452581202
4961383482835077818
4961671454705786627
4964537350687376273
4966413179076127897
4966717053258744358
4967425619794288486
4973559767254846216
4976315484387464198
4983454820453848313
4983920150602090837
4988667826081612976
4992064544995550168
4994106069098560596
4994107822467193907
4996098449906688814
4997291365402155853
4998244944293446927
5002126360183707746
5005222259044048533
5006079192114398139
5007740190704646302
5008153940757060805
5012336642293181917
5012936314871802576
5014754665061880788
5017568082961685864
5017890391970301114
5023516742190027615
5024235827909915243
5024319155769177392
5024561782349110996
5026165067351435687
5026474363601489364
5030274082004270360
5031537600551974592
5034248693924644649
5034905082104545661
5037662389102327114
5040149529006992057
5041299192826240244
5048341100831420411
5052024851387662514
5053044167044951286
5054556074037190082
5060792281338671933
5060861395769625129
5062364089818854604
5062952958690872585
5063229868266065878
5064672595461952967
5065038707528762052
5068395202564118017
5069165823624838628
5071424912724125135
5073083970018390085
5074279439509981927
5080140689540676026
5082748916465492258
5087326691807273073
5091784567091067238
5093641481274133858
5097697007574074529
5099347026851283769
5099659879498768606
5104854157152101104
5105634179769953882
5105897008150045047
5106425042309409042
5106969074404993180
5108528583904714189
5110555166562297272
5110890731974907183
5114777832740717160
5123100072266021819
5123608147223989763
5133885372227301302
5137793258053603546
5138133554533192118
5140281352328637095
5140688138827769562
5141396862841919559
5141707526892556964
5142805889890296194
5142829786122887154
5143675961721545734
5144901496728078993
5145464788001036461
5146597958707380715
5150231104072928201
5153058513159571454
5157802436655361065
5162913143607415697
5167006085876720902
5167283064965939514
5169533287834933785
5169670921189082983
5169737885564081726
5169798717271963650
5174054509416362785
5174209930480440305
5174559513855180556
5175182870502451225
5176774469733400474
5179923132692504034
5182348550856457758
5182978689804707199
5185070941388864339
5186245661030034970
5188317292415279644
5192046849680290677
5193037095187038296
5194195516077696789
5196200879997447817
5197235895771949114
5197247141914221855
5199532088903850312
5202743456762159512
5204554108183073099
5206555605087069526
5209842021093626031
5214050987086644665
5214136516194410801
5214807746009270543
5215626186056652991
5216485247078134805
5218164273962477789
5218411981476079759
5219002911853233340
5219214074386262117
5219758560751851928
5221604483268945814
5225812765194583564
5227143897332949591
5228002934625518987
5228921419359217140
5229029741415127755
5237417710754754006
5237620499980205645
5237938785893926943
5238533205972104373
5243870957013473471
5248176253639714984
5252186736847449826
5255268283876486523
5255518168271794929
5255769221357784326
5255841933373159369
5256287441994813811
5257758407569778445
5259286402033204038
5262952980129135934
5263102576322228510
5263684092330481972
5264108388392802810
5265938740452392568
5267055655885052292
5267553221417909742
5267801789692249717
5269198916917858260
5271818483852118953
5273233925960067830
5273982063174994450
5277595347356496309
5280331815918756411
5285211814700495333
5287481619266273606
5287915563320935698
5290652870551707425
5292494015351501836
5297315266606937883
5300523896187317436
5303049501981184202
5303543828172442749
5305065885421534459
5306355619828097554
5311724948683140647
5312051100496140152
5312520214666893889
5313416947845937822
5314657509750484114
5315631296416156169
5316401292467028838
5316764371454985779
5317678807156701915
5323508299015643583
5324256129694081042
5325928758733904017
5326008394525156363
5326416726365549462
5328828804923799351
5332299252713718721
5332917914606879794
5333145042814450658
5339063693629301107
5339456313050320641
5339707114887765091
5340442906158966825
5341524304221349969
5342964052763060606
5344673308277533967
5345542500012246289
5347811586334846108
5350672117637088713
5351285956301502953
5351446377554867231
5352995460053627385
5356971259109806935
5358825008831898330
5358976269527521340
5361177517753738979
5361870077958023981
5365388650744762904
5366484961787262327
5368243627988600970
5369142333958690594
5369314494470379546
5372887327959498480
5375201154551947464
5376713973240695992
5377124442506913022
5378669411416981103
5380497492668618187
5384517105285038787
5386999444811340939
5387499116043949456
5399397843464569489
5399652617325099080
5400390472512835335
5401422866575581428
5402849054866585559
5403033293784095916
5403122167730235975
5405338088486603616
5405573852496565060
5405678468966439737
5409123550249766276
5413320948737903784
5418227916634587544
5419323644161570855
5419819189809799275
5421713643726571362
5422432203093320972
5425210843511972776
5425695928270423259
5427551413227348753
5430114384172422816
5430592857974379667
5430931729221346797
5433025234291587930
5434257874534146435
5437730772632267357
5438384417593175119
5440606443293625927
5442917320811977164
5443443648757731298
5446722706624941119
5448550757185164012
5449524125946108158
5451564738943941871
5453123463333467948
5454562633455075575
5455171763079040575
5456791514680000151
5457544107320209692
5459790385429755732
5460449177003214920
5461019084328495326
5461198997664296340
5461556808998396130
5462401504958095489
5463468607644969064
5472719105568719153
5475821908956446236
5476791422366893927
5477233499622849612
5477433419365115244
5480063834321879879
5480860008544480985
5482337489133678322
5482654153425120437
5484752118898514932
5485836467360969867
5488253237087746438
5488826780089088631
5490483190817424655
5490791753364044742
5491533566881181097
5492581823726519999
5494181021902491369
5495961155212591423
5498464075703579457
5502433010652462929
5502836508904367485
5513259270056603463
5513643065742022905
5514511971011164279
5518276056346455562
5520381050361515095
5525984645719185726
5528461497358832035
5528522850692865414
5531733632605053603
5534094887403305341
5535210371830242419
5535673624597266068
5535733756752816269
5537890293613669969
5542528692650098277
5544970183037794251
5545583152551987946
5547536151541364487
5548907464863458502
5555979263213754501
5561275105227145407
5562129171483478114
5563641918568224338
5565726623684300502
5567092736986904043
5568385022369995768
5568410873824947111
5573982409652768703
5574247840447129227
5575312570613706274
5575543124296344763
5576465072573207303
5577500337056801080
5579570990428372536
5580113372189536225
5582312573286473272
5586306615520287252
5587887772609567766
5592005556259219103
5592912537208145669
5594329798689697563
5598952963583616607
5605429935381691175
5606211949484393593
5606385441923774876
5608178012301399246
5609960092695728511
5611156564369382089
5612411951134199048
5614135746172108967
5615278394106995837
5616805007029081272
5616977543633587344
5617822938526803378
5620600500775502892
5620698005080970081
5621144662889626967
5621148575433736895
5622509710863711602
5625142825930697527
5627254526512093865
5629744929403962937
5633034779639919417
5634379900880477608
5634411672491099758
5636027135920423252
5636506587671789344
5638195138761655983
5638974603493046655
5639264305517448566
5640682072731507399
5642385622210719649
5643228076654749315
5645130162126439901
5645537746529394465
5645878699741673732
5647910773356619727
5651127618910339548
5651598713300866358
5652243025348427495
5656253328628106957
5657019129321840380
5659859170394235867
5660325779520979632
5662363536427279869
5664659078667836886
5674254274585597848
5676417982337140864
5676468885591295501
5679305758860325717
5682181908616309314
5684122039348763474
5685917620850803161
5687317346877208486
5687743781708627629
5693136039140893098
5693568577696393419
5696814424790591515
5698046069644041676
5699653657939937546
5704038605047975683
5704567514508551244
5706281421426367343
5709778180280074408
5711625361724840942
5712428572644160973
5712591518717640531
5714157216336478743
5716473428040934950
5717837237327768998
5718603894794060218
5719505701521327830
5721297942678566783
5722373351922697611
5724411340955642669
5727903822508007546
5728845772927658536
5731110970237291500
5731149855117518806
5732371661054374926
5734157737568488626
5735381876317981874
5736997824636481743
5738998342218582562
5741573099323536438
5747190620991279694
5748331638003636979
5748618746234581272
5750525709536102201
5756771597963290225
5760441550231989925
5760628836172554652
5760700575971397290
5760909996990208248
5763773324254882729
5763876122499208207
5765019991896511705
5765648795608472652
5767126014381005716
5769711857516074423
5770249864821953722
5770510766110732850
5771027993200039753
5771658969549290777
5776099893375251815
5777569798525933628
5777728233388773205
5777847841907602915
5778245808126490198
5781793855605819286
5782935321746570305
5783280170484089038
5786631797117421894
5787280442514584328
5788027772675960031
5790356395771719058
5790688998484772894
5791770048890165960
5792661553898852535
5792706419691024793
5799355694845764441
5805665970563572681
5806554330995246999
5807438326243237356
5816521007771381695
5819575179038219738
5822531679103201185
5823985024128584193
5826305676241476233
5827291188791654420
5830389775455215570
5830547451638329632
5835884336792933402
5838187128361558595
5839917406556638220
5840061965895489514
5846506909298605285
5846746526078337284
5847499250804270454
5852808998544606508
5853738533426082255
5854844109313207183
5855602929958682492
5856516408920963334
5861642747204836515
5861652053956564946
5862673103831965248
5863945700804512552
5865469446397186081
5865585171400660733
5867199791687730107
5867620994099854379
5868982982403148503
5869725451994070200
5869954190068396117
5871247244460318701
5871393073789729880
5871707263909222025
5872649491970896526
5874458884782080236
5876806375834818660
5880799401504089015
5887988603917366506
5892813801160389803
5893254889040203020
5897492326235376347
5897948323658914275
5898682124708637369
5898899890143471814
5899123117942362737
5904439047541322773
5907591557689603140
5909546438717263971
5912488532947027086
5915536336028040886
5915692679456024525
5917449077279444393
5921428297037004495
5925404760458081434
5925776570340486022
5926815742956769813
5927611104508088697
5931413706672377056
5936102045899369839
5936797035267094359
5938782080808336790
5939187132895882286
5941265668285376368
5943413659532294653
5944774657872472386
5945310861153871856
5946102559462916855
5950654809020768462
5951823972571884195
5952279868743954445
5954335079620961029
5954449693256286786
5954537919396080160
5957298236265749190
5958008798018043836
5964820577950048024
5966462097224443901
5966614286537549079
5967390268314358826
5968466215330150652
5968966223935368416
5974330640580437500
5975182164358759618
5975246001257097657
5976696337048771740
5978549103859668304
5982471719358694764
5982617770197794370
5985636591662797693
5986123928876340008
5988658023844616352
5991312464565274564
5992337040032007714
5995340641855533189
5995847851879415268
5998694926370341395
5998982323336437845
5999361485532228845
5999825984449457002
6001044867736837754
6002131059434988812
6005431699273309584
6007356681533315741
6008596172627634258
6012359895766894856
6017122383134629409
6017230186772934367
6023934982357613768
6025037561065706037
6025512353606202464
6028312987402256256
6028349340701952951
6028683859099965619
6031528049409506007
6034505747640472207
6035791338215168311
6038375376617320965
6043106868709546303
6047054554238211528
6050466548774352345
6051539165460689343
6056459355782379699
6058246410604322462
6058341012266278618
6060529910867389569
6069461797433419112
6069541628930496123
6071067250924341352
6075056294036027985
6077815435491689742
6078558695707683718
6078852150001640746
6079106806441844695
6081407744509022739
6081733973787874750
6084694232626176023
6086697277715437603
6090479251409276805
6090768885648352686
6091611388198190917
6092943334991060094
6096693959186531887
6097857439612253861
6098041241016066286
6098712955328517895
6100093176862313064
6101500854434928154
6104300532762317321
6109826728449554166
6114134243826059348
6114654140387405065
6114966621998756268
6116249480923000093
6118356593667855119
6119109606131876070
6119367359954241841
6119638928322869353
6120270317960050740
6130211426043431524
6132069574444866604
6133457365487790770
6137260097212158161
6144780761548928491
6146611166994418813
6149383306085159559
6150944675101206630
6151201470350959272
6151665316566256180
6152950139885018045
6153996216417256423
6154580765330114242
6155640312404563762
6159730128715997896
6163009096375500915
6163597952583421474
6169900364662560322
6175002669759080847
6182331562504995232
6183243048396413437
6183737772209201693
6188690892775644577
6192349601221077979
6196137392819349135
6197348394041191606
6200158172367083172
6200854978047892275
6201307832632273906
6201476010948839303
6201890001527749867
6204448106615448860
6205488831738955328
6207276702517514753
6207908013828084245
6215062411965814047
6218239249825866637
6223712492250130760
6225369924436849831
6226785473856017768
6227767481460084181
6230808417396652558
6232058060652778934
6232187402355813429
6237637681984043893
6239134781134653118
6240177049836937876
6240828004850752815
6246078911279946291
6246423849672532046
6247332483773165033
6249578819916241061
6249813885747855748
6251647213749445088
6252487099930811060
6253112164585901870
6255728592771896820
6257408431418302020
6264104998806243754
6265231132686801554
6265488140850835907
6272159646710813099
6273232262278998746
6277381388187351374
6280146736119488327
6284000532505412002
6286371640809361495
6288830676489949467
6291610936345990058
6291634126838858664
6292574122368737914
6297170656803756568
6299263686657683012
6300705895258612962
6302149588963364583
6305033832997746152
6305174893774891202
6306747569647870491
6313690890230633135
6314166391190692692
6315307689570495766
6317102541392496101
6319371657037896344
6320274876147752763
6326176572598326298
6327879824443291191
6328981169713961602
6336293392212891757
6337152232398188065
6338215252167712113
6339113389298351376
6342275781168074135
6347032097192763655
6348358466097278697
6350975895878870560
6353714108614532261
6356983680697888719
6359118731047855886
6362706074421493728
6363694568217148040
6363905899656516145
6366149638812720071
6367185191834925456
6367987517072844928
6369362498122983183
6369720372903154357
6370980205530816416
6371301802897334319
6372349887242220236
6372489240895288654
6373289310875481153
6373770259190988718
6374822904708611715
6376286494856760908
6381693951763889252
6383998872353904385
6384047092994704923
6385992976614225480
6387815923000523899
6393243456573301954
6394065947793464954
6394236868780099948
6394890870399734227
6395529171904820821
6396727319846937055
6397924530966944817
6398602039340822466
6399756069706157072
6404810869617179819
6406150023155638669
6409451416433676054
6410231778768371073
6410856432030405208
6411595622531798717
6413130270440043493
6414659485485424375
6418739230889452727
6420707558354281003
6421222464031003521
6421573635568773154
6421609433367759674
6421981062882723316
6422065456885016625
6423675229259954646
6425129419184289975
6425509823947010082
6426291204270630799
6430939727955379381
6431226647342301295
6432060983943457508
6433756728728503747
6438591881927323386
6445771736178222382
6447712311139095558
6448727344178331435
6451787109819713009
6451906922144375738
6452122014643220395
6452858820625465389
6453471969764801003
6455217881659157892
6455305018464220345
6455991143198586359
6456547957618941913
6458323481916242585
6460127317015085669
6461721968796350536
6463693249562521100
6464902192577310486
6465634492266030457
6467766179694889390
6468561755355250654
6469553871228914642
6470286634701451956
6471101548786110901
6473413978049753277
6474770977381431239
6474840842028853001
6475234417058634290
6475341654217880383
6475478032986450262
6476560101341816648
6478780849853911566
6479526829465950302
6480548476821781122
6481505238331898183
6481968857818944058
6484095015645108813
6484780339181258213
6486328470639972116
6488082242379860679
6489717842309959763
6494932151024307487
6496279738104772240
6497167625005293238
6497180614775210848
6497305322256487009
6499267461000426130
6499908065636115827
6500378990014732896
6503735887119224693
6504851839940112255
6505499413406802887
6507839591474166014
6511470129258225252
6517624605946010264
6519052298818860316
6521526469547474328
6522533647801567339
6523007525621575975
6524328990384582643
6527197169184741413
6527692086341077604
6528117998724241704
6531495548835536825
6534243163961977264
6534707604596898797
6535641230088434373
6535895174543589782
6535970174226626301
6536412713712780678
6537920167665422517
6543393917544699052
6543449291992006416
6545238846124745202
6549366559140000830
6549434275136959173
6550231266829230879
6551658889247667211
6552928678268599131
6559970368491465394
6562751503437185128
6563727746968649450
6567766831101522750
6567922302077667307
6568367078896679787
6569577495465574752
6569673193870214958
6570367891787580855
6570784676191156654
6571894710010319085
6571996655249281401
6572164318656619349
6576070106930634105
6577002174979026349
6577484233713128996
6578189927426651711
6579850621332305051
6582939103452040179
6583096258453984262
6584647084765045044
6586786074203360110
6587564185620490936
6587978623129177286
6589819270199868305
6591664790861317182
6593589726285064380
6595441358220308963
6597243123393194750
6597853528877950464
6600613408670096852
6601034132309838047
6602380173208449157
6602421368309264507
6603426507301718480
6606324373703428901
6606750270131035186
6609073729283182577
6609124278289168852
6612588371920202378
6616134851013264109
6617900467173217649
6618590094313999647
6619070357304006834
6622861429093782828
6629618378059019347
6632049411354216426
6635166471127957748
6636318104452283826
6636646527908778052
6637300823895382818
6637770150066480001
6641576128838419115
6642353266617564320
6643902989543148774
6643913525170615985
6644491506887259457
6645534123446133700
6646825648157341292
6648119874345452815
6654663646983167310
6654824554833951931
6655279168159726534
6655377120841098487
6659191346069796091
6661655236030995544
6663496588690336392
6664767794328258180
6667740896980455564
6670387204380995393
6671954646130842216
6672181216863231035
6672378303633769022
6673469492776853617
6673607247094143020
6674586207742685361
6674801257246548565
6675299105687756067
6675952296929696671
6676198793515390683
6676540464834465128
6677116411417899859
6682732343608526715
6683117831857925416
6683213547664201803
6686327208987388233
6689136870333375323
6691074146325265119
6691891049343761523
6693941847858202160
6702448902138980178
6706383309194347113
6709187716262942712
6709854841816512800
6710060204470925132
6710635309318115568
6715397342286479413
6718423879547932265
6724641037928805423
6725740607562118002
6726152482561055666
6730286198795674647
6731041095560654971
6732175222020338297
6732636706003493871
6733068523882963435
6733529176185753530
6735475888393276060
6735994010985839133
6736213583080216641
6736297264199396802
6737855483836668835
6739081002781982517
6740561686012471396
6742392575343641519
6742547215242690528
6744494387756633748
6744928086660827505
6745114270069780305
6745946236388509240
6746814514130016381
6749074211348764342
6749555468203901669
6750113230211503922
6750401826513975430
6750873636445130427
6753295413906923518
6755402907573755176
6756819322499145915
6759916024376046847
6767043886969157028
6768374654637874767
6769705653278158367
6769941511570923875
6771984953563246808
6772450114665787785
6773062746926366933
6773113648955401052
6773907024993287938
6779054427570890590
6781885168580246172
6783345435515680603
6783987847534929572
6784529295660139794
6788555637435217483
6788829789226914520
6789932822156285289
6791378882640969109
6793341238766731740
6805475531495193103
6806881466611437590
6807411225161855249
6807456884135507427
6811876123579640556
6813422766662433140
6814173200099513324
6816935954557048073
6817855691711611693
6820906798727975438
6822340581752165166
6824545480249953816
6825714476027403557
6825802246952837717
6827743236615030702
6829826943474259268
6836494230617321968
6840585739929866186
6840785707485878948
6843296865530179691
6843697319891293703
6844138934630030135
6846805202022605086
6850329445646349339
6851378395698430628
6851744991470685572
6853078134635094174
6854127431647373026
6854522087965281522
6854701124992978326
6854765282838144664
6857725169147243245
6861673179889055766
6867354736517314506
6867447225456669696
6868284467131742880
6868544914988685930
6868700412746439050
6869672187156303912
6870117356241292915
6870636210667812606
6876102392024177992
6876314486075333616
6876872275988689071
6877334490280525858
6882771586081581288
6882915556863193741
6884924084469114119
6885072760220423163
6891310381870382017
6897456226709432640
6899972668525645118
6902636168439841024
6904102910418039000
6906807155612714516
6913605447834274045
6917504141625391185
6918027778579672076
6922270282262397346
6928668394650485322
6930731091845819893
6939220366966669608
6939805403599091785
6942796089189880835
6943778885478163356
6943896207110644927
6950310105938115761
6950507799400965979
6951049997350988692
6952174062785132536
6953246420595783983
6955678843774586881
6955734857143066616
6955853738740016042
6956278107640181387
6959259027638989358
6962011968354606374
6965837550464268343
6969723511102215224
6969934082822857830
6972425472837090604
6976492930638087519
6978483187527472541
6979716645133449186
6981982699277384574
6984222806118497513
6984556765514465254
6987110956461604324
6988169686543517853
6991296184831118027
6992023312933032337
6992374611669951786
6994671654113158018
6994857430305501947
6994915066346567817
6995415216090338102
6995431967295367092
7000109026061521142
7000864638423293356
7001211269978747836
7002553847093088293
7005242866305297337
7005483732039537829
7007274014080397858
7009954110169168154
7011305127988727539
7013640823358980661
7020193442988274624
7020490637019364402
7020500609853473172
7022544151597863348
7023391969446568569
7024878058189159318
7025568810667888318
7026117617291366107
7028857934882404735
7031324869171404051
7033069476486356666
7033612773571388064
7034393641691633822
7034907018048321914
7035860392239851274
7035880317935488418
7037525698861069806
7042559676874015597
7043318007587122413
7049741195164028502
7049839323472686724
7053223734091615925
7053630505693773552
7056242821428404028
7057502747571703459
7059345791151415971
7065819013927928790
7068188302972118351
7069975319645303030
7070957632934658164
7071739031308835138
7072450043392898351
7074185567422411804
7074395115172663180
7074916617975592291
7075150113706705658
7076998806112062236
7079882266049952380
7082704225621796347
7083315611957421532
7083596963064250430
7083893908741157752
7084792656974521473
7084961486025617129
7085109436957795674
7087411452657129744
7087501942595736514
7089413805463469394
7089435101015822775
7090020751128117420
7090697715522523334
7094102076831008886
7094163387921323467
7097779331405613860
7099363877265941836
7101427134625649686
7106716349641652800
7111824058004370467
7112790558843426917
7113622339905841149
7115878589512529002
7116095043438985651
7123832309851531781
7124271314003169886
7126108026613928637
7127643664764182794
7134787832723145565
7138667031015594018
7140007281585195493
7140314206834344545
7142877418162530271
7143831046511001703
7144209313395153811
7146962760636180088
7151824276221678671
7153846865361989512
7155773580873737892
7166888763693202801
7167264605404009395
7169742438711389188
7170028442944091930
7175894532971737571
7175962854641883665
7176825898505377115
7177051748235111412
7179797446367202019
7181989995474123923
7182491792629583696
7183377930006856275
7184531004763593627
7185706063743749736
7185854161114079525
7189931370372421880
7191966171272947834
7192854501793190833
7194063068741635132
7194489029344602018
7196290141721039261
7198350864093479164
7200446465074337711
7200846759901749414
7201317858459066875
7202480960496143877
7202530668543554856
7203241452624182759
7204095359379583197
7205043688949188339
7205909052754970593
7205987977678478341
7208848633324956848
7209379160281700182
7209781365824085490
7211705240034523816
7212556375485040033
7213593474273515764
7215006168972603564
7215230543222269399
7222094349245711315
7224501719887380558
7229348054313456631
7233513853483651248
7236510076764309969
7239153660784417550
7241002223715989390
7241223615555450145
7245412385873733679
7249169018350319774
7251596678904997930
7252503221923319902
7254951633541042514
7255919334878528692
7258996043748589088
7259059913829147657
7259798093967370269
7259889808016000988
7260190315137703665
7260608372293500325
7261773949090359599
7264485786628394464
7265178638752088474
7265415352386913916
7268970688617562194
7269329941945483122
7269352942287125702
7269463709067914365
7271721625931025643
7273914329064121053
7274070657365790738
7275302052204822716
7276366159633147938
7279213435555575738
7281300145182382237
7281562591753623606
7282660038867571741
7284607010998513304
7285048872853614676
7286924099205511709
7288228029067421710
7292868704274587320
7296589392424166172
7297291741181191946
7299663990034075922
7300864831020276657
7301223448366917561
7301340874158519427
7301504437427241929
7301564418365017658
7304060719836112435
7305026864548523342
7309154237614767627
7310168828709684493
7311264320804506602
7314006352869128841
7317305958982450932
7318565071642419772
7322537993090436733
7323894331215926386
7324614497421993316
7327008562534391126
7327881241822116512
7330600150855486424
7331332835501290607
7337985001461879054
7339503230651473463
7340678952415081495
7342375570991241168
7344860219861273822
7344971339969576137
7349049299226365726
7349456452012764487
7349715480032182719
7351082145345146154
7355257371778350898
7358929283507575467
7359012207401732923
7360406424875746845
7360844394018346510
7361123584327680228
7363446732618134130
7367402383650543002
7371054567966036201
7372713645542466848
7373482948540953119
7375089757352357128
7379712566544961548
7379894114449352921
7380779998218808700
7384169706865228431
7385517578790510973
7387488073569870816
7388627555694171578
7392408334417432465
7401939239488977051
7402210973799921159
7405276797553550716
7407801903218306026
7409178699885958846
7410998335438308267
7412072292156475535
7412989761262893488
7415470439623965764
7416420343383219362
7416852920863082623
7417767841719485346
7426411941444538732
7427179894495616019
7428456403541035909
7430300747550668708
7431356699438369734
7432406580526714043
7443710623565742141
7449402677976391630
7449468902213440791
7450668463312888021
7457079745436972850
7458514518882008434
7461231659590399419
7463880443633149743
7464180733974202506
7464548451750739483
7469535243413683200
7470931506974294950
7472010656124764563
7472824187194970874
7477504845348598171
7478340483708593594
7481276669025029134
7481915936269303017
7483998580667038018
7488539357508443570
7488550953836223585
7490051376245159315
7491955379069770726
7493361639757823324
7497204362735909883
7498017650776806328
7499496417849702270
7501687473657538730
7504453273853793316
7505273400014337890
7508658768693397985
7510219462155488166
7511445088609248489
7513795024413964318
7515502631589358603
7515559019818156590
7515940048204673649
7516828900284305327
7517609923820662957
7517981734892714258
7518386958242983313
7519539908984164619
7520455171442394937
7521744797661596440
7523079122681840278
7523649720628829454
7525349644728134239
7527980841224949707
7530879332115688572
7541153142761414263
7543084129123986002
7543401960365726104
7543702515967471821
7546418160206013904
7546960694637246242
7549593037444373646
7550877002824303838
7552781153868088862
7553450566467995175
7554231777146054605
7554752923550253879
7555223881094033110
7556328856139312684
7556608143437838243
7557795165679948157
7558981287427920356
7559667580106212170
7560195254759374830
7561292531058621216
7564835483766830111
7565412452181367909
7565446618447719008
7565648114296125588
7567122853152081763
7567711730801868909
7571234034277426734
7573936868638617115
7575351736237156197
7577333742348492502
7579539014340219192
7583505604139812579
7583518913658047919
7585685507372259324
7589510831528975503
7589731196051819582
7589868719671142190
7591094011280887143
7591372044018994757
7594219152208767345
7595099665794925826
7595751695800839860
7595914275511494707
7600521307889159158
7602123029508827280
7608665009055754595
7619342107888490477
7623019389017998495
7623235569742270060
7623594139083929161
7626541385961878082
7627811536616148929
7627853213710444123
7630497241183076938
7633117315376152117
7633271236707455164
7633868028029931630
7635228335781044579
7635488188307663218
7637524551082195068
7639998517169818447
7641162683718581341
7641386306952131626
7642032243238859594
7644408510525398487
7646630521298384229
7650958050252714897
7653618832975566767
7654484973307431310
7657023113692603787
7658737682102996173
7661751530883779105
7663208677951021639
7663567221915021044
7665857008651870749
7667755099480039349
7669076100216733691
7669439770608918726
7673234055039858724
7673599985701655285
7676084652186541207
7678559643128490985
7681960309852862115
7682648275279947262
7684464162519998823
7685943537041115692
7686417443753307206
7687597365988830952
7689149311775726030
7689761120242302173
7690829939998148076
7693792842350683042
7693962659753243443
7694100757422610646
7695136481854232367
7695648521376678804
7697124680485141540
7697343328037275189
7698744824601695575
7699373052707921420
7701057407682345976
7701344411522596008
7702639717265989122
7702651395608322229
7706790883455507994
7707232853115468165
7708206864762419300
7710336205765141536
7711190613337203986
7714871087981395538
7716935953360991638
7717810139123613025
7719281809798260584
7720547497976408480
7721567016337278581
7721579574811584458
7725178526004343861
7726594542493389972
7727827240766425953
7730254814246770010
7731729934590406557
7731978139961179019
7732256995299605288
7733675088944886969
7737312011272392744
7738118000736370330
7738444107399022812
7738582574503738482
7741472377237699397
7741870696963432474
7744818833283971967
7745044493503521695
7745874865002011454
7747197524790563686
7753477535983481777
7755450188453965147
7757902987919104740
7758756436545485944
7762783231841886268
7766366348517406193
7768360112727633291
7768996633008764010
7769413240168630168
7769740661428960616
7769787157546908907
7772132156282607950
7777177386034263221
7777722205434889099
7781717337313452726
7781946094661753875
7784196640075275662
7785144201828231752
7785278034069147238
7787965043589149535
7790578347617291475
7790660027004480092
7793361589621165426
7794181972220958158
7796974938848436174
7797066869254085537
7798507256927799172
7799269136342219471
7800776817720494096
7801741677030063445
7802745739672923381
7803886555813000970
7803891326834219623
7805854449527745758
7805899389682099583
7808325688266118116
7809194359841172049
7809444319456062538
7811253863526956200
7812164007856390507
7813626636698609949
7814018272360597984
7819541179607858822
7821662201309461197
7823996618826783360
7827751619254086290
7828028482218706756
7831313796697583665
7837298471573462685
7838936331465610357
7839847553504531548
7841157699375082881
7842837735584872418
7845656599490627919
7848597094007444017
7849620381932122426
7853017041669142128
7855046319018557366
7859523607193180577
7860470454672114629
7860508928824976948
7863443090033271347
7864928826225718119
7865603159786473715
7867169570468229540
7868307623620913094
7869463868569550974
7870129178294444504
7870336598222875423
7870451521895315467
7870714834317742988
7872046057516410055
7872175923610858135
7873917824342705932
7878775419565292332
7882450847714772515
7883133899348511812
7884294652727511137
7885582561671699885
7889475757734420968
7889907296410215722
7892763010531875688
7893971995952764069
7894774483399687794
7896067431188389325
7901050869392236329
7906509616179733015
7909704482568353282
7913985294793889876
7918861403001416716
7919359930663989178
7928345579622850953
7929554166591714329
7930177709126348981
7932223093601195572
7934716802102952244
7938096402255992750
7939205323176640646
7941204875856101832
7942327824627209728
7945562228660687345
7947429851505511028
7953061425790034279
7953571308519102550
7954810099198257745
7959458674821135698
7960226792386097519
7960689581689122170
7961598330453167023
7962913939745853300
7965778970950001614
7967878442804821905
7968270745729954551
7970466426239468433
7971695231168801292
7973829526664857052
7975711716585413267
7976445462846097608
7976643848869539000
7977660488837069603
7981086664631546564
7982923455822454801
7990683244628755409
7990688583451603984
7990966992570819568
7996497298763102072
7997503443014131302
7998955627892176271
7999051876471845645
8001278535945931145
8001859216339065097
8002495558730291944
8004816183754304509
8004985458029012520
8009821385045495375
8016642424041240369
8016686883810565101
8018976261955504396
8020306965392494573
8021214323718558571
8023182285913222014
8024332582661609124
8026713995494200912
8027147808141473063
8029697631357962600
8030762507920399386
8035448101711309469
8035461554787077600
8037733171605159747
8039153121360768037
8039171022667248448
8040106295261960310
8042787891554260622
8043604795392801757
8048963253783336557
8049031798553790991
8049598967952026679
8056718228024912523
8057911050761670547
8058464714537656482
8059564809829031159
8061457041004977881
8063052312928448622
8063881739699598896
8064290812441233103
8066849507307255781
8071081101937934035
8075856486087043405
8076576803560749998
8077000853608907982
8078245832641678994
8081105410597234508
8083134249564946343
8083293308400669891
8084435785637982303
8087619976054638101
8090321259228492857
8098657680716598695
8103109445049299970
8103992726943176475
8105037277836172971
8105752905005055799
8107808622994232937
8111609197981909035
8112083498682966726
8116811218404892667
8117934396441119654
8122230391975027895
8122398173214605652
8122865440002112602
8124472363764931273
8127087924025402116
8129288362926924833
8130551778143150888
8135355432437170474
8137917483549064201
8138277926921595456
8142699548900801471
8142795095494506722
8143295252841788910
8144250853981958527
8144756582827739071
8146416499568978398
8148250642092686147
8150566495228872470
8152597756098499526
8153031419014424781
8155941047972717004
8157744186550158331
8158100985879501852
8163177758914734348
8163285497776863669
8167595297899724937
8171826988687513099
8172848793253982972
8173597912993242858
8174803835560551594
8176330237820269883
8176674725690217590
8177993676823790599
8178642137427380321
8180258374267856792
8181399781593119221
8187880990731695640
8189145041155748033
8190973430417620705
8191177423915236416
8198718084855627779
8204843063274215144
8209882973102375222
8217138351784432991
8218113829360105457
8218675016200341379
8221338778000633603
8222030932725562096
8222081479041402469
8222089143581337256
8222450792463880854
8222576842231555293
8223249524139136374
8223563202961789079
8225407459560583227
8226518571764834498
8228431025601688610
8230590692594808876
8232457080862559450
8233057278897674313
8233466459976957326
8236577188808787689
8242800911064293471
8243825401985808862
8246846176180365541
8249715056227933043
8250085488987924402
8251479872190597232
8252578490558687823
8254896174047203465
8257477647464450203
8265564111966733361
8265956622818906872
8266717359340562565
8271611590863273840
8272314638777474819
8274050550196638090
8274354796670437581
8276095467588894391
8277368100400290093
8277508012689934088
8280480818569827528
8282526171698387755
8287195925296929466
8290849289493715658
8291810007191936189
8292069064910850795
8294324076543913786
8295874637871125462
8295935731766866481
8298471303006244629
8301955870322761545
8302095424828040315
8303116610904846484
8307856772119092442
8308157514755326868
8309115696544177970
8319761939726543900
8320032006161422162
8324219090383987165
8328134021451487125
8330944085156703793
8330965704259212349
8331950415430132590
8332742544302307925
8333589906708434335
8334079977563469400
8334410553048344399
8334507370606338008
8336906386553207875
8337469042171388628
8338316721080553613
8339927849300197872
8340824975173228938
8345212123197540056
8347775563950060888
8351246072986053174
8360513162860846029
8360865474908916357
8363403347058887034
8364036637942925141
8368136078615627180
8368201646372006714
8368673464065811130
8369032614535181445
8369123916614970245
8369200863300299211
8370015551372550185
8371522929330421423
8371817724009561834
8374680802974148119
8375843518511012516
8379273590530343540
8379592867712465464
8380576828061969027
8381586068585054712
8383234774850116764
8386254294627299478
8389157794124174958
8389657651888392643
8393827754108305141
8399274760647516599
8401331356704024517
8404689669647042713
8405293044711470172
8409454328078016721
8410343913921047466
8411492316569239960
8411925570058024741
8415521036537222297
8415703587836988240
8417165137142104061
8419493866880345224
8421596595101987547
8424688894735587399
8424692862526704260
8430422809918783837
8431244884985142137
8437397841414635846
8439381382027518722
8439480535549359193
8441114735075851296
8441533287518473777
8442926622561172339
8444013918216316875
8444598554455439935
8445453187377669961
8445534217337512508
8446094318509164509
8452037726548388114
8452107805250626174
8455763689847962674
8457482767408225150
8459263644955268492
8459493588931762173
8460797111533488579
8460993272825629715
8470497558486015364
8472340743683880496
8475688407909780780
8481862364094883255
8482887081116218620
8483868697254219595
8485424758802458037
8490227205170731451
8491323070344700022
8492830968780418211
8497136014660129611
8502802164562687536
8502815437850739517
8505654926253063364
8512241036548334646
8514431906235259060
8514948196978237731
8514959673271720183
8516657834867132552
8518890478428714151
8519497030633065751
8521717918963796842
8522891281800133860
8524734019948756263
8525628635695634185
8526359969524172234
8528885910432681166
8529885879923736454
8530283645117439595
8534279565789739713
8535440323045561031
8536818036747062031
8543197597705583519
8543732930149148191
8544812835111481900
8544924704627157812
8545244895764140066
8546768495045870097
8546867921274542884
8547502092771987969
8551230534841036362
8561383962819521587
8562544787620387232
8564544824323825486
8565160001936114170
8567863500136708338
8574335712193157275
8575436616906301021
8576575565767947833
8580396892304396228
8580609982405944169
8582597313371084371
8583138800301830992
8587854989880121541
8587949916687198985
8588583066822688320
8588583282333181087
8590874223403347355
8593305660468896397
8594820805207840225
8595048042015705714
8601396811208249645
8602239827898165609
8605798888539467054
8612802436461250866
8614523297470231455
8621628121674256337
8622115133383149459
8625568440017511772
8626252041616831167
8626497902413740729
8629008908769190010
8629318249258961512
8629544547012031303
8633455873089861797
8635063732406480895
8635394095417565755
8636398644744485878
8638151635462487977
8638836423288329589
8638937324953431902
8640132594825082489
8644753125377584329
8650439254855136578
8654265615865887625
8658802134183204320
8659687037935556516
8663896741369481588
8669749800788588564
8673802307650528747
8674405702658506126
8674755758407506396
8676121695865783365
8676805463016068933
8677644464928731602
8677834348978485392
8684089686165805759
8684618038763939059
8685624922846704832
8685897413430360339
8687052751094739240
8688162760532803939
8688313902695132792
8689277540735709360
8689724747282754445
8690916510548488788
8691180895630542253
8693355292121529462
8694794970471664859
8695369016231497847
8696414502571222013
8697260083027129684
8701026622393380564
8705968982321903698
8706926723788478906
8710541968663334148
8715493666812929603
8715915071957701811
8718419860810082196
8718495523062540865
8720072632666853500
8720405568213791478
8729073499010813150
8730259791316587316
8732281696072560645
8733221045134803857
8735292467104105385
8737170679037581834
8739504625422978793
8744595696571235562
8745050072939331117
8748026586195205198
8749015043938125869
8749139722445585419
8751272630835981174
8761811377158718974
8764100524173944535
8781220854270562896
8783032788703636255
8785156434605294600
8785809934460095147
8786162355990125315
8792486004677521586
8798439533109243336
8798595773805941491
8799100144300671975
8800186275117910725
8802764976059417843
8806801391863848544
8806862440650377407
8807388181769753167
8808033900911369622
8810024994092513878
8810179027862690664
8812397509206016349
8812447578254666634
8815985387403853548
8823389766803084248
8825734016428057312
8826041282569438061
8826347022833254942
8828420151788802810
8831586280069006875
8831715433152053611
8832709068803072600
8834247069502305266
8835015808420284347
8836525393259998266
8839959642301458861
8840584065632504577
8844016079051935720
8846978766527896940
8847970906248162902
8848134261192066805
8849347058459414667
8851291495905276380
8852514774313329262
8855362134062599283
8860106110365357859
8864306560731308292
8865334025490063446
8866278134245437119
8869699248712370544
8870520643359368652
8882936766242162444
8884678252763723028
8884726665036813321
8884794595926301774
8889659832134799917
8890077164360590403
8890392617015393150
8893473219365242556
8899422282002503409
8902410464857392368
8903992626614533920
8905705000666833048
8905772218017881501
8906290358157907911
8907787620546764206
8908312491046831015
8909508506532110764
8911349696240119761
8915403815757728324
8915511024354458888
8917386244768639838
8918191621654577750
8923283969680404475
8925309301523940247
8927736255802260159
8928343923126499057
8928847821081819607
8929239884066489689
8931403099492116853
8932467717784344589
8936391534298603791
8936925814263203538
8937054073787496861
8938499876235549592
8942604007321464052
8944317984262276748
8948813627983294789
8949296011966864494
8951228533200618246
8953446762059015437
8963436436586541182
8966719214431843462
8968370869250667074
8968726932476322240
8973092390787514078
8973894508883445870
8975606285952351517
8976186588049388581
8981478685272773111
8983793028644511965
8984016351236369911
8989208688154124814
8994794133819342234
8994871818613186977
8995682580015490697
8998963451483304498
9002445428840452904
9002477511278868389
9002815893239624186
9003330792738439083
9005925357971391282
9006989420953381573
9007285301852583657
9009663044020295676
9012203747737840705
9012244420363887857
9012708029236662514
9014428564325490189
9015584296328556120
9019297519922773439
9019420037738749548
9020288766443219864
9020437324142991864
9022748533677820150
9023998471787455114
9024984327194244222
9027314669807396448
9032603449118941534
9033335046815183738
9033958770673837247
9034721022026448365
9036714596011964460
9036842187759212954
9037940964675849227
9039037312169691011
9040019414020817800
9041534302376170208
9041860754700190685
9047612978626173098
9049636024872963412
9049882974608158720
9051754909246206071
9053326753692723694
9054472276975197357
9054688098694288245
9064332321622477700
9064355557161174035
9066983482244923220
9068556039053638154
9069167278405778668
9069841025257740612
9070606374753600178
9071580900647199186
9072681378247807086
9078141709329123181
9081826668416860633
9088505745687482540
9090999961232873849
9091011588142935812
9094541523199872711
9098379186030339249
9098906408244519379
9099169508567385163
9099757305235180950
9100677459005217221
9101749821113267023
9103310036880158141
9103465426845655755
9104734141590502876
9105459195893756790
9105803848404592972
9106191790124778427
9106675113080531840
9116218452814320000
9117342381533525786
9119882697046051042
9121873446675849363
9123327765927463978
9123575063540495347
9123670350854397803
9125285963387723533
9125483448908470786
9126193862275785950
9126903574766248890
9130300809463626254
9131614841455833989
9133431638101598662
9136639511945509466
9136936735455105368
9138704435407511485
9142328225459453256
9143521728046394234
9145618690476589507
9146405540033058088
9151165118217460100
9152248343213239504
9153615020049688303
9153628192187753395
9154619396045746399
9155609776746465407
9158843549466197587
9159279106849600723
9160810780680538987
9164892726263649304
9165352367683859898
9165840739070762875
9166140221433482673
9170139651613651924
9171415610206356285
9173786874513058575
9175655729900836204
9177159031639746601
9177925444427676899
9179029691947199151
9179389166469071885
9179689027537467399
9181579868529928697
9184172192124063668
9184796619548552508
9190563301542438663
9191738320101877740
9192310008108470768
9193609566078576241
9194196007987128086
9194541782581681844
9194564111107964824
9198780822988413928
9199118009354408747
9202813099586541531
9206905503900661671
9207398419098282522
9210235847873023244
9210514606352926272
9211911993588161848
9213690380920555511
9216476791166256172
9216512278315701955
9216745138094101461
9217744408837085962
9219149510194701298
9222501356015223993