-9220740726473199108
-9219670857389636403
-9215466691232507391
-9213975006645792293
-9213018980888618950
-9211934664368058793
-9211199219683287466
-9205975769068121629
-9203893970550851291
-9200662711859393491
-9200044243611563128
-9199918426839670058
-9198500777964386878
-9198387764801210569
-9198354195928405047
-9197904563839516584
-9195660274065463950
-9194041297937122705
-9193683613087479681
-9192083768198880488
-9189955025731709848
-9187203658248012140
-9187079567286990101
-9182336029446621921
-9181340762827943288
-9181115096780256180
-9179335239024590461
-9177688031156203620
-9175026669259181591
-9174339181931111655
-9173870280593336879
-9170169625244256949
-9163975052248060294
-9161515771502760002
-9161419326232246087
-9159218204290754263
-9159000396563668252
-9156510475115234200
-9155123455848009458
-9155049238746157147
-9154308897364582487
-9152339014382077999
-9151277981706053820
-9150947758199217670
-9147872889980650654
-9145786733518119579
-9141516996166811718
-9140951256899842516
-9137786931322245980
-9135642880240990050
-9131235171715345798
-9130533169184562666
-9127728280283737275
-9124470120435225580
-9123007170946017746
-9122873624028090741
-9122659033448550814
-9121929752428378372
-9121054097616386495
-9121022414081523971
-9117910506165786908
-9116610973018027485
-9114188327954580037
-9112921739020066695
-9110978340727917297
-9109596164276796972
-9105731643065963828
-9104683407556289213
-9103748681160550871
-9103695741836243438
-9100826581406847813
-9100237282485585088
-9099227547486997191
-9098647659484025638
-9098261433961532292
-9097905910948352009
-9096418629454632212
-9091856793964127975
-9090482833636828086
-9088036847806631384
-9087538250639155043
-9086344081708415822
-9085946784626078391
-9084348694474315585
-9083223043159672293
-9081072066926251208
-9078804263950055891
-9078061027835586714
-9077306136915525007
-9074367253386838683
-9072993095737127810
-9066042775836110975
-9064077742135931927
-9062635206258773520
-9061226178195821958
-9059715386758895598
-9057182867355427073
-9053350199806066952
-9051614717328471637
-9049484761797535934
-9049097979496437406
-9047575774498102443
-9046512785095334988
-9045416671705063278
-9042981711289367177
-9042358164548482371
-9037283686029136873
-9033457590344483578
-9032763694039487181
-9032759545940210717
-9032613871890109641
-9028922802627549952
-9021286798371546882
-9019669274831748205
-9019112920479707621
-9017078384677315462
-9017056372927390686
-9016545050685585788
-9015499263708477686
-9014078995186524800
-9013390861733839773
-9011599579536833614
-9010352256085979992
-9009120370096386092
-9006194575441156610
-9005750004210936474
-9005461265353975350
-9005131949719752251
-9004934157537902648
-9000442959722306820
-9000088229891494728
-8998466375570844849
-8996469785257466861
-8992596233462427128
-8991010037638904650
-8990659132163992366
-8987491948760150973
-8983488337344013115
-8982787138836761311
-8982456378802361194
-8979044427236137935
-8976091070810560793
-8973980179730002162
-8969347796754374540
-8968658606163024890
-8968448561374778079
-8964736892752209477
-8961893348174416028
-8959081514653493491
-8958562077130249756
-8958332600991114167
-8955296817856712151
-8955213801108474980
-8951069412640246348
-8948034526774154089
-8947393435763038916
-8943306440287675111
-8940360959273469751
-8940054939230969906
-8938478729309701611
-8937626742384313802
-8935797004005694698
-8932353575315688236
-8931029846619896863
-8930599510441054904
-8930203946817842346
-8928371058985628227
-8923031491118979419
-8921220630943962781
-8920860763205268868
-8917023063500674161
-8916204600706133209
-8915618089021494457
-8915154056000026138
-8914908993410592760
-8913154996971628943
-8911495908912389547
-8910831770323056672
-8910487552980828361
-8908688036035525132
-8908639844277667456
-8903703393906364500
-8903474297509343315
-8902001951024755164
-8900409355499456798
-8898081051892703443
-8894966771421776492
-8894019705702616336
-8892478057509306481
-8890231476120215428
-8885848127441816619
-8884804022616977385
-8884769808294873210
-8882866866768368866
-8881725152995191757
-8880515975432575082
-8879166332704116895
-8876713418052178608
-8875187555696812092
-8874464022006217473
-8871713422308941425
-8870434966164292408
-8870280359411401561
-8863850118423557382
-8860540141518379925
-8855957021760756868
-8851952385604615013
-8849259213498248926
-8848987067275044951
-8847337948646480825
-8847271896615380314
-8846600068061841398
-8846344575085008853
-8845991361694037939
-8845114643104270621
-8844293054821830846
-8843963620010200196
-8840406458980880929
-8838987415727662286
-8836592504896098918
-8836061179840475813
-8835369754275731233
-8834792965227394038
-8832947451429113431
-8832459573101747390
-8831535768997701983
-8831319579306427585
-8830943664650015782
-8828241324370919720
-8827685320327692462
-8827643002282814128
-8825518694940387766
-8823095050212844661
-8820282091785822910
-8818996099022344588
-8818842534384214068
-8818500119171225624
-8817548077755680327
-8814501018706545654
-8814229562012224465
-8813507377188880121
-8812510060378265626
-8810822708647692028
-8810359634746346413
-8809765370601608061
-8808145013579879936
-8807537682115960641
-8805739387258980613
-8805440274978087932
-8803098822900403247
-8802458674644193270
-8801785836006930175
-8799927861204757471
-8798957121320545249
-8797850139798044709
-8795818627438779500
-8794899161189993279
-8791200984024287088
-8789745686556389681
-8784468713009639748
-8784456656287671888
-8783857349215093108
-8780604184132691670
-8780600715864430139
-8779638537527024222
-8779286432593008877
-8779262263798649349
-8774340403838127539
-8774138378088051591
-8772834943972264501
-8771196081557877557
-8770969902693113916
-8769116030063236692
-8764694220037705120
-8758648558716004222
-8756405701521365886
-8756079730776267288
-8753082613240776635
-8747465717055248725
-8746841718635944341
-8745696059269324751
-8745197584082668500
-8744157780748805563
-8743954247023441208
-8742026473135181946
-8739333928078573023
-8737678360431306037
-8735558688942110064
-8733188198224000240
-8731102111953615021
-8730862487496311670
-8729746483171976497
-8729600786246198227
-8728596636534789281
-8727614776525584330
-8726282538705428492
-8724376699794625634
-8722360690944133752
-8719566991326940047
-8717483038795888699
-8717338363907872701
-8716157344148994943
-8716116858193071068
-8716041563627168706
-8712967922330499438
-8709618679836927873
-8708725635594590197
-8706150027669504732
-8702784718069041492
-8701967333446064383
-8696886662346745114
-8696737088299909171
-8696114254540365027
-8695727829080444800
-8694910555037108553
-8693077562473514971
-8689286803721776090
-8688758039680352190
-8687996529575363927
-8686063098495103631
-8681550932873387831
-8675301519571255762
-8674367522917699382
-8670802930589384435
-8668528614051110517
-8666289933934208363
-8665665077650419346
-8663820490375603575
-8663281637191361865
-8657625889135073701
-8657270565534893463
-8655831371993831563
-8654448337162846882
-8654068033831511697
-8653398107762791303
-8652174698885064352
-8648332159156544599
-8648117591956190485
-8646282651523320520
-8639272284758551884
-8637851686942902625
-8637031095625427635
-8636844737860443479
-8634284310645298408
-8632613758958794917
-8631576437830078258
-8629007939757985799
-8628518014981958069
-8623857750118922167
-8620416652017030300
-8617290914631403953
-8616203556162658530
-8612561499784851391
-8612057320366695870
-8611150753934398618
-8611026851242549142
-8610819153419942982
-8610474194349807604
-8608582982997706033
-8608117578321820054
-8607561579986924183
-8604985052265211887
-8604411906215824683
-8603728371733799542
-8602514241513177017
-8600702219555536108
-8600660078867906801
-8599264623807817146
-8597713792723618977
-8596046154602652344
-8594491723087264441
-8594226254199651197
-8592308781190953465
-8590897115451133370
-8590460115667886930
-8588132528922790695
-8586932031225042535
-8585347617572809900
-8583151376072092170
-8582332659594841880
-8579972636270282615
-8578450346487577607
-8578277410528481744
-8571998863835403066
-8571637369488734177
-8565390790344163197
-8564345003809834988
-8563218540001256403
-8562388086874116757
-8562174672164869126
-8559785414379641532
-8556957607081971962
-8556526804358775397
-8555408696288100938
-8551994119936960758
-8551780026540158291
-8551767574739766486
-8548449115409560971
-8546780038855889358
-8544610223318660159
-8544153049739657635
-8540771329056385230
-8537955080552380872
-8535136896939954493
-8533896095611859070
-8531714115518596434
-8530195670294630090
-8529029391808319695
-8526822692381543830
-8524862734853119226
-8524551150537096344
-8523780470381610203
-8523001643514205462
-8519974974303280618
-8519903051166045679
-8517752751886388428
-8516997891699313359
-8516635875919035508
-8515251286221425405
-8513695343095397842
-8513012987586311349
-8507502039360446590
-8507481204258280473
-8506224995600469436
-8505666589762199131
-8505264457888618720
-8502380769282799466
-8501540821330723522
-8500080925864827486
-8498991530775068971
-8497512953993871944
-8497272207619527398
-8496299277953023293
-8496031246350609619
-8493835915890266001
-8491537323908158537
-8490477686044127619
-8488885695804105021
-8488520581112403157
-8486520831669330202
-8486029636293797607
-8485137004841078129
-8483144266727836991
-8482564242829421596
-8480862700616255162
-8480547282933949202
-8479298917407061607
-8474982716080667178
-8474030325314233574
-8472520436518239736
-8470745312710052484
-8470654057424188868
-8470588749238530113
-8468482326225472894
-8468160302016212181
-8467115198803100834
-8467028942317760055
-8466859321976618897
-8466688502048052714
-8465143488144978904
-8461006191646772714
-8457260017790393774
-8456620486834166363
-8455326156517756002
-8453740362401659272
-8453033710535736548
-8444447213111857022
-8442966553576916787
-8442820005381799826
-8442320535235595100
-8441798584495516951
-8437010556511570712
-8437007184639311810
-8436390696940719839
-8432962403560611560
-8432176662126395424
-8430482174490280795
-8429858286794085544
-8425302717525161596
-8422629553424279162
-8422539889557939476
-8421755665822861530
-8419388634183509759
-8418741653990070694
-8415722463487869856
-8414885617316312445
-8412973130135514475
-8409576364787192115
-8408737572277534060
-8408396608158977427
-8405652910487696022
-8403962598413480630
-8403225732719983189
-8402509097400985159
-8397100613995243883
-8396828525277005669
-8391487657449674180
-8389700722683880066
-8389593877512377337
-8389003042397019131
-8387934854058702305
-8385632377889544268
-8380130714645470955
-8378378790714742818
-8377174115492618384
-8376578490062294000
-8373913795428039941
-8372036344193235438
-8370754394521404860
-8367040955149026860
-8363432602934069629
-8360097759991029902
-8359511469942276853
-8357208260169002564
-8356851893396692374
-8356834775023709063
-8355778100921812030
-8355660020647925013
-8343964526565029812
-8339849098107275444
-8338728883417587717
-8337015453059435371
-8336225749348231918
-8335599729139313003
-8335195042536882674
-8334233251016959853
-8333396862954775226
-8331131568345640885
-8329651958177567010
-8329588746419427671
-8328395656689653629
-8326717890126357654
-8325303459970037301
-8323356500162796594
-8321779633180645986
-8319208684160062979
-8315304251026146489
-8315201350385399589
-8313589993668990873
-8312975862682719008
-8311812693563959103
-8311637446265615400
-8310081829598529576
-8309019273420896655
-8308698813118678958
-8308527451169366945
-8307690602135621585
-8305889679309877681
-8305126329135185321
-8300667262298517098
-8298305649324673887
-8298285840669915248
-8298032816408223649
-8297734909691463150
-8297686189322740242
-8293982054517624766
-8286520426067331868
-8283626518559785302
-8282014330826785567
-8281958346112910567
-8278305132952573000
-8274818953458110725
-8267138546654551255
-8265901669751867000
-8262015021382020180
-8260610916848795788
-8257392396862077879
-8254990167906624499
-8254601807243739863
-8253861374241462573
-8253561126507107981
-8252520250152810779
-8246108947895523553
-8245602240983343968
-8245183350710572538
-8240308838418730256
-8239133281196618427
-8236851280703266163
-8234651864597502297
-8233412189249212402
-8233000864411906587
-8231084332480541648
-8228002927977558510
-8227992639223261740
-8227392623411240608
-8226104769702910462
-8224076236608412075
-8221215545250872248
-8217442430687246065
-8215630893067585457
-8213820515797481871
-8211000183797782629
-8210861390285904859
-8209865063106824801
-8205857530729138026
-8204886799283842445
-8203708713805104243
-8203543327589169585
-8203242074543159001
-8199914711564000574
-8197528449441810993
-8193741584465133368
-8190993244480861759
-8190564706699569069
-8188975062595031500
-8188291700667481423
-8181836848186796289
-8178761739071307664
-8175337302284040935
-8174469734914870565
-8173578903625860146
-8169032132170719555
-8168733061513180285
-8168380776669698946
-8167450483508312847
-8167339621802000635
-8166900455249246775
-8164913409702383729
-8164770994066504541
-8164247660483018543
-8161278033023548328
-8157136035321430792
-8148804925539964576
-8148564046417973962
-8148474848550058792
-8146585436564647711
-8145698902986092401
-8144587126946841377
-8138209573575050359
-8133188078191199487
-8131161937361438446
-8130281187255689876
-8129625490002154723
-8128953411052671523
-8127460299298978705
-8127262079625523654
-8125192364757941506
-8121175751818087946
-8117574218817500183
-8115041860558187243
-8113754249214632216
-8109193457374811000
-8108895680652116930
-8105837075227625661
-8104277393076421006
-8102229006832666033
-8101202188131630197
-8100773257858330798
-8098692872892502492
-8098094686713910272
-8095941511941891258
-8093370908677602699
-8092840071518649245
-8089281039813507496
-8089129190197266018
-8088523927354055466
-8087168187636138315
-8086186875682740322
-8083166525094829529
-8081584972115289964
-8074135806853768319
-8073919570707796214
-8073395236845196412
-8071972361450771173
-8071125067270817646
-8067685246187752395
-8067664018568665088
-8065416616200677633
-8062182489150077613
-8060986738931020417
-8060105298033110996
-8055519567860337501
-8053065155142404488
-8051967206998748074
-8047900278384893708
-8047776349869841450
-8046666546735328738
-8046300782922830927
-8042952899797989220
-8042094697447758611
-8041509928822668689
-8039147346117895751
-8032669283619159025
-8027657291147343507
-8027493757809448465
-8027485079649205154
-8027284938052866159
-8026911895929749648
-8026751827748318341
-8026721480323069363
-8025715945184163134
-8024398052816156478
-8024149608574346996
-8017338439242946601
-8015414865980301805
-8014276288195893423
-8013443290933961280
-8011611915314652493
-8011534058329563722
-8010442860032801660
-8009116204174888454
-8007962390188875106
-8005428584398041788
-8004561268319037022
-8001411356906643035
-8000616503027414940
-7997561220620773907
-7992615408805966131
-7990124521913848211
-7989009094836863864
-7987579839551484944
-7981319423846582152
-7978994801425451034
-7974634359131880662
-7974322717698141196
-7973655236580532069
-7969360443823268138
-7967493086425517319
-7961939148756352906
-7961392357201373367
-7957597487908940463
-7957505212484369804
-7954055607315516833
-7953369333693489196
-7953207008577078253
-7946488928185600806
-7945795113284122553
-7945200630171355329
-7944081985129211656
-7942209820322617757
-7941773547797200172
-7936750400764737375
-7935818913478790719
-7934914176086947770
-7933964979560852564
-7932719757051265480
-7931741647346743906
-7929954466939452759
-7928612524088240173
-7923180283628718786
-7921857677187856705
-7920079294282804827
-7919459922983684403
-7919447328073120203
-7917542547176839599
-7915245454282973630
-7914296328048139826
-7913341289003461507
-7912345213096958526
-7911370670774980342
-7911051420010014983
-7910825999486457106
-7905735736781852651
-7903222568236194733
-7898926478856533165
-7897394040318059442
-7896075785251872625
-7896025903958808638
-7895964581453146288
-7894882322179059010
-7894126643366781162
-7893295324771662828
-7878424200954446169
-7878416818436769868
-7878385099220647002
-7876245393113345248
-7868668391622454439
-7867582703128963020
-7864457166002433723
-7863729364133056800
-7861456665250387297
-7858439853638579863
-7856854559045747300
-7855013463835619024
-7854761434772931227
-7851700411520308301
-7844606570811937985
-7844467452608480782
-7843664847406739514
-7843485195932289338
-7843393430873429130
-7842201142411127869
-7838710214161519368
-7833566828223240861
-7827584072018365432
-7826554267782721219
-7826259514239085318
-7825718077987993162
-7822467474015501149
-7821575100443001882
-7820881605322881527
-7817305491340605436
-7817175143772341090
-7817124488950549206
-7814737725271198683
-7813845029018811973
-7812693219563113172
-7808556070230977661
-7806766974094840017
-7804045247240614608
-7803871448451285598
-7802722759453952592
-7801856973997382122
-7800779763268341566
-7800213243822310689
-7796589767980346495
-7796514890620198973
-7796094877009651092
-7792128872312529300
-7789698350770935441
-7789128891615807413
-7780694916683154346
-7779998769502460107
-7776674113197252110
-7776154636184023677
-7776027857854611273
-7773825286457190772
-7768363479512374664
-7768258757853031019
-7765879914357887650
-7765040368298553669
-7764688408706862209
-7761708604159892168
-7757431566093710046
-7755331361212263614
-7755170505228266504
-7754750018790172023
-7754018633397238358
-7753671494079908343
-7753414336619217875
-7751936684076468460
-7751236588057086771
-7746829045599694003
-7746269917000346994
-7742611898280480605
-7742475482698729192
-7741966442582429535
-7736608622503703939
-7733146533209562270
-7731744636185839429
-7725302818894610912
-7724874348942852649
-7724468027380232031
-7724146424888241962
-7718972514706496999
-7711769214835219635
-7710365712805302805
-7710205609124500523
-7709499640916005096
-7704846207486408702
-7704340730177840794
-7702323456419611039
-7702205300381830827
-7698657406612928362
-7697653159685958722
-7696417055011423949
-7695718049068346693
-7695643501853494645
-7694258376151021182
-7693296852122074095
-7692456121467242278
-7687846556078048574
-7686040073017690598
-7683889327981399723
-7681728263150786523
-7681354141212297958
-7681205250814748242
-7674806417969481832
-7674544073075896227
-7673804494328336829
-7671202218857875374
-7670454677684554394
-7669812087852188382
-7669014182758335110
-7662787397622401556
-7662409306766670086
-7662341893306029810
-7660655378145806741
-7660407610682389205
-7659966310470280467
-7658247967293453546
-7657657039441907148
-7657202010228770541
-7656283004814292318
-7652915863100006482
-7649908935496765221
-7646062819621681623
-7645123685917313368
-7643343876693521256
-7643160860439407122
-7640548852918284526
-7638100183778177342
-7635887512800203040
-7634227891448606690
-7633831531933690449
-7633524274132416130
-7631069153662117867
-7630344487025644331
-7630141480543962862
-7627778717127924088
-7626229520006097974
-7622045084255250187
-7619695827843504283
-7619279658507005359
-7619032370296915242
-7615143956459297193
-7612871846504395107
-7612799237156277795
-7611393504206523919
-7607834439320764633
-7607582634634471091
-7605158109325389478
-7604807792368808937
-7603883416278378272
-7603760574620763144
-7603614219334847225
-7602628233800926286
-7599999438810842888
-7599345634104699837
-7593807724809721642
-7587464820302499576
-7587146425621111434
-7583829891771629178
-7583406203708519641
-7580678960074391627
-7576555386508697861
-7575580650994658460
-7571557761524856967
-7571230089384015444
-7569747599509141457
-7569610846297022514
-7569345462111186873
-7569193028355131950
-7568721548594931249
-7567705677217540776
-7566549193902088968
-7558672784564018830
-7555514961006328833
-7553389194264113935
-7551194767815839132
-7550974381607269152
-7549141238362989092
-7548130061038701944
-7547207909428765740
-7543967170055352790
-7543937367649527459
-7540091850164739023
-7537391369148029564
-7536525348263279515
-7535625371118473526
-7534647716217718989
-7533731314249614914
-7531961246237664620
-7531186783672176723
-7530575936795430853
-7530033824260743992
-7529962200861797066
-7524966029584865510
-7524403401662034750
-7520860926271262816
-7518743372790694964
-7516653675909716893
-7514201067723018547
-7510883592890134603
-7509706141333302162
-7505495827430458299
-7501029303779025512
-7498057359271208053
-7496591067356159599
-7492282101813634009
-7491731474131878194
-7490849723230512684
-7490536101063001494
-7487511648940581061
-7486662585226465237
-7483905910368877528
-7483255801489644890
-7481055609814215326
-7479499700432992405
-7479040971777199957
-7477969032593759334
-7472657579690640548
-7471078253847424196
-7469327057377164340
-7468543644911834333
-7467922865028784364
-7464976909899793912
-7463251432180610054
-7455235120708815282
-7454973183245604208
-7450511969087457392
-7450040447511669208
-7448434499016939528
-7444486654825161903
-7443183355783601519
-7441884557896851109
-7441065486095051276
-7439977286106419241
-7436721615512911804
-7434020831779786837
-7431593677312459581
-7431038148363107599
-7430815887155665237
-7422229620798585675
-7420767725077761793
-7419875396841047789
-7410564629768605804
-7409139568208766638
-7408993672755252456
-7408590299373691044
-7407001126277947225
-7406939978053788592
-7406573755480059182
-7406453496831738813
-7406379503486837699
-7404524877169390951
-7402636404728332303
-7401410007796476557
-7398828275210791950
-7397771850556685725
-7389052752446396629
-7387409714112597283
-7384227499799588365
-7378334137828207339
-7377310704193419624
-7375118806839831564
-7372934442306413641
-7369961401026452132
-7369021998751774898
-7368384055904695775
-7364477252932793711
-7363001196371169124
-7362637959766449848
-7362347430990090411
-7359156197062979416
-7357543055893962451
-7355979118530336342
-7350288395533315117
-7347682018795035504
-7347636454802387322
-7347108446341142120
-7345267007008578015
-7344812651187789037
-7343943961858067912
-7342016355950571547
-7340170548142740123
-7338839654666150542
-7338269953417190516
-7337272465505763177
-7336903313493991618
-7332088224512670950
-7327588380682372937
-7321121351550685440
-7319741873308009885
-7318870824548716655
-7317838374432709980
-7316840867176623613
-7306062334059872033
-7303788491816398470
-7303048570991580677
-7302649452548318366
-7302072709340260313
-7301977629093681737
-7298349737811147378
-7297488900892555818
-7294890199333848074
-7292798745657519208
-7292529674525015322
-7291903679415535795
-7291068802591818352
-7290795584092190836
-7290516794308899976
-7290140298200418315
-7290118628725600177
-7289126108974269850
-7286741438153886560
-7285277365050165041
-7279834347035240173
-7278654272234090293
-7278298700126820221
-7277774967640772994
-7275443182750107595
-7269457674720360133
-7267651711162840489
-7266678939139961808
-7262019710936653085
-7257754612271245603
-7256607330732823473
-7253421106925434014
-7252240188200340520
-7251839227209356249
-7250483534336717990
-7250453200659194821
-7250390934996240859
-7246992749733118152
-7245249048402408738
-7244217703076562961
-7242542248209756375
-7241917174395626675
-7240555048422165232
-7239451573022098369
-7239425872792734393
-7238108726499173748
-7237325229865918585
-7236729816537384378
-7233192265630759349
-7229750967057934245
-7229606042485371918
-7227741389662710523
-7227011058056725164
-7226241323562091433
-7222515953559427721
-7215735779030948313
-7213753686848393615
-7213255586651178340
-7210403151177350440
-7209702032264000180
-7202812126618295687
-7200505367449260543
-7200305483116418050
-7194251323155316747
-7192662033392413007
-7188335638856980905
-7188231571303451854
-7187066718663655445
-7185938292664638385
-7183539956561391278
-7180793346451047448
-7180119227909813040
-7178350749622660495
-7174426335621339584
-7174296170688205739
-7172775268677764295
-7169873923210113989
-7169813503608665755
-7168262266133934195
-7165429481810589581
-7164051729734036206
-7163589092074730408
-7161594666371915881
-7156575564314822297
-7155856631440306712
-7154903045903659334
-7152030137854961989
-7151422762096512949
-7151123233474978464
-7148503809122236641
-7147700920747877235
-7147014576765709929
-7145170495766202367
-7144020712619952462
-7141960318625001112
-7139355393164104325
-7138758525066198103
-7136744267405515650
-7129955062598769333
-7128775580362698836
-7126644774465919591
-7124511615472513593
-7124290762401924181
-7123838452926490608
-7121606532233997634
-7117731938292678288
-7115615518389705189
-7115363921081517287
-7114849913459197651
-7112299120943821825
-7111222542532686561
-7105962031802732840
-7105437655378306374
-7104802830662024552
-7104375524613285175
-7098708769709438250
-7095331830696965121
-7095037223092876728
-7092711966300814268
-7091885867265874400
-7091344413507284469
-7084991156746659042
-7083694395585428766
-7081953188380308810
-7081070119048261323
-7080257380443019911
-7080134193104224944
-7071408946783883458
-7070528810266482331
-7070523825262866838
-7068940690676611291
-7066809914876103231
-7065630323882864739
-7061592713531201660
-7057671817770546252
-7052409457154341294
-7052042949231260025
-7049787642848572181
-7044297592764862082
-7043619740432871044
-7040076252869532500
-7039288432119289036
-7037290717109282804
-7035028160621814731
-7034889253024902017
-7034618532222488557
-7034471507154638560
-7033764281175256339
-7031334018391138086
-7023305044793429991
-7023255311859914476
-7023020821342331151
-7022544204938971624
-7013936689447793539
-7011020160393429663
-7008411608272512658
-7008289836239648592
-7006777040484629889
-7004971829332691361
-7003705243612121046
-7003573352714777018
-7003181559469534460
-7002593561682910304
-6997096076794258197
-6993230241157628333
-6993008050706123196
-6988424715042313382
-6987051647951167303
-6982566261872921104
-6980089572776569137
-6979635436960977814
-6978806412319926544
-6976684901742294309
-6975687737942312311
-6974636204840303626
-6974453133441886464
-6972494979592201370
-6970903358959039519
-6968759001259605276
-6968184969607928169
-6968041062726307944
-6967034548880517749
-6966853266980379400
-6965330794133612318
-6964856221258095405
-6964495304842372387
-6963640324011996668
-6963104988358097597
-6961136930180470459
-6959993616597413681
-6958722324327413489
-6958576227312995429
-6956208940722706842
-6952119599385258793
-6951848625781487550
-6951599723323349619
-6951230554281092924
-6950294907865963086
-6950031398760899808
-6949529953751088895
-6942490778447233030
-6939854778166689663
-6939065705250799638
-6939057734323547321
-6936047165164853313
-6935890531574360792
-6935146828753214550
-6934738418961055415
-6931820615661021125
-6931728420657402508
-6931478502929924310
-6925821439961980934
-6925367629460922577
-6920602959757754429
-6918602434069403926
-6918382898173743057
-6917831061316853634
-6917227759250761124
-6914033232706221845
-6912943906005948921
-6912533478852921802
-6907483929904435471
-6900717746642471799
-6897189694509734915
-6896489290746204427
-6895032921772807738
-6894371837423016765
-6893887941037614709
-6886822015677563041
-6884414618151710000
-6884196505703261868
-6881974699305065622
-6881949471722435035
-6879238803701304781
-6877459871159826935
-6876737176988990145
-6872325059747629883
-6872068862838758566
-6869498394610739677
-6869203835868506033
-6867751289085604494
-6865613938452737324
-6865340705838642534
-6857539301718104288
-6857003374230630436
-6856208733289822952
-6856201478373900871
-6855031611101468353
-6847121437755948999
-6846485034566378935
-6844978459546560192
-6842338202066229987
-6841894667373041871
-6841836448471920931
-6840723488422275141
-6837940748089378241
-6836577173737405688
-6833969210496240921
-6833602287058477220
-6832004131872437116
-6826084669273958153
-6825504508952178498
-6824106599643576345
-6821984091144771412
-6821030225250015265
-6818841985330166023
-6816323592311759298
-6816066131103650207
-6815676355583104090
-6810874061185176663
-6810437720103803980
-6807825285964273939
-6807394958951462065
-6806858867410154277
-6806459106356404909
-6804367327766148219
-6802790267281206875
-6801284759782017290
-6800598907752184686
-6800531376672322707
-6800110460051670886
-6799274862905657454
-6798206311801287748
-6795854576608837514
-6794919888146275131
-6790674270078931454
-6788702881215721347
-6786685816044868289
-6786441338999869747
-6784965038403638984
-6784492956052629916
-6783854271340234483
-6783456156367558415
-6782310827630871109
-6781743487960750406
-6779410137775720020
-6778534278871903740
-6776625477168254818
-6774868121555375675
-6770397190277360391
-6768650450776951646
-6765396399343153965
-6765119579063241577
-6764798797011300966
-6761992651249504534
-6759407281487464658
-6758513278429743282
-6758203433589344799
-6756333235094316669
-6755708789005661341
-6755676856069913015
-6748569643642035000
-6747521928764760676
-6746679568583453997
-6746600546343078670
-6742954970394603092
-6739623270454712505
-6738726995619564935
-6738422302096202452
-6737303167575872601
-6736842144736122032
-6734692005446084185
-6733497567211308879
-6726578416147602390
-6726326011764048043
-6726168575637853698
-6725989439476492352
-6717985703846554696
-6717800864727548307
-6716714988547213776
-6713313527753943410
-6710728086287348525
-6710243867179008131
-6709209971842220674
-6705932776165006234
-6704329021711153316
-6704041169579317783
-6689842874503609918
-6689008548891170043
-6688238058724946172
-6687770870808889951
-6686142228749496760
-6685854169908157689
-6685054985489789808
-6683745043315320772
-6683090283392181402
-6682059692887111117
-6682012551406853095
-6679456593533803076
-6679016444763795465
-6674406075724342106
-6673897965870216018
-6672427870051866548
-6672373508289693576
-6666737572300323280
-6666300157133209966
-6665477741724600646
-6663269424380321483
-6662654419501179210
-6660401831309907222
-6660221890928128947
-6660020147249405718
-6657024499467081561
-6653215167755429157
-6652777823562446403
-6649092043492379825
-6647615820411200164
-6647583243069695125
-6646699527128083254
-6644446149525660278
-6642467231162318601
-6642090157676762278
-6642018735843837343
-6638799608457648655
-6637766765821722083
-6634159124608649083
-6631338685510196151
-6629228964119213567
-6626196550977785901
-6625297264493976152
-6619882021208565276
-6616406997757517481
-6614355923111998903
-6612738650143984045
-6612001855141253685
-6609056677943255965
-6608067026684882307
-6605574822195497562
-6603096741614689138
-6601406224219586932
-6600965625769327784
-6600029010510833549
-6599856907175735562
-6599198445382412588
-6597691204458765110
-6593976339416571341
-6591353084601587757
-6591290747603963254
-6590639465347236905
-6590158005637881500
-6589657335140826851
-6588873249323904225
-6586304243598191030
-6585908956513569026
-6585539277835255829
-6583928241674264203
-6581878620449382551
-6581480997270786651
-6581166945054284985
-6576991650071743935
-6576134301628995395
-6574990330199450518
-6573916446043870657
-6572151036001068453
-6569340691844606568
-6567113419164507013
-6564593213668476048
-6559129705683150444
-6557080272628947145
-6556535141269015459
-6553111404901565985
-6551322307753330963
-6548769390313823414
-6548735763664293232
-6546826534003324252
-6546016385907937102
-6545941200083397193
-6542490707649127601
-6542391001179960476
-6538053757514972647
-6534613302125852115
-6533229834421811854
-6531041063302426258
-6530636520937942283
-6530557196903603426
-6528930797153601770
-6528424794806925366
-6527193135497308488
-6525790230480628230
-6517695263934204275
-6517518682909390523
-6515505313706210035
-6514762145540885146
-6514652683524492455
-6514122955763347997
-6513922737895360639
-6513798301851526078
-6513183265037385085
-6508067286335372191
-6507985990657045676
-6506876309742368905
-6506049327845502718
-6504069894780396825
-6502847958373368474
-6501693715449654858
-6500929084327602928
-6500638250987625723
-6499185559016152586
-6496139940142277447
-6492963265232308256
-6489105960535747987
-6487905261694101831
-6484905533333801682
-6484753763006164538
-6484723191311607541
-6483200213309131618
-6481549037261935149
-6476594169325299779
-6473726285561616156
-6473190512690904092
-6463217685650896795
-6455222459502178274
-6454544303041038030
-6451677583490784484
-6450449149431486335
-6447482370260344074
-6446297454155794614
-6444143418749713548
-6439394289683062401
-6439167632262873181
-6437888722539474737
-6436976693375361143
-6436356185320793842
-6436252866394957981
-6432714173803433568
-6432439710386559479
-6431761755213417821
-6430747029132403832
-6428468161561788298
-6426712176095748626
-6426707268161303445
-6426607323740074908
-6426133254625064396
-6425418592660336027
-6424239476988395901
-6424141367639103787
-6423255137322204761
-6420936699244553830
-6418051689634991805
-6408850909338548797
-6408836880172932754
-6406942204115146636
-6403740469991441570
-6401695841489087963
-6399859780776489085
-6399214229810501350
-6394797363334088600
-6393958281111878481
-6392015405621030179
-6390722631945591719
-6386685113071779924
-6384715006630762607
-6381200062927150362
-6380417762443655383
-6377253241753864156
-6376321384991047406
-6375759297663498510
-6372658565426674265
-6370717928485400134
-6369062226586951273
-6367034341223678702
-6366003128285509740
-6365628999069833422
-6365086416800126621
-6363278562341143820
-6362821747060966088
-6362220706532002692
-6361683501339683532
-6361567112252084184
-6357419140361587382
-6357079628022476712
-6354406562925377011
-6354192731683011938
-6351142828262770772
-6350478194671787987
-6350017602096153567
-6345253823531961806
-6344138881311598783
-6343647700364376617
-6342743958992644292
-6342611606174072671
-6337872172210748580
-6336942174039854668
-6335819427798271553
-6332549308235029479
-6327805302122653518
-6321444612095931071
-6320482128334244370
-6319146113080912100
-6316653779166200153
-6316037080373108778
-6311987897783389850
-6311589658358565084
-6309434834039740675
-6305327486445100602
-6301613584414653673
-6298889391136109553
-6292040639133082293
-6283333987633536536
-6282545262075378187
-6281820369466470185
-6279860935934521485
-6272705456008900623
-6270326046980596456
-6266805582368293474
-6265702680372444413
-6263992139725335324
-6263310290242087682
-6262002367374239121
-6261309354904851093
-6261087752564664733
-6258552665770513024
-6258367382921712698
-6258321282252473358
-6251506198973772696
-6248565347335151136
-6242335584947932254
-6240688279793996327
-6239654408460010054
-6238331237662851747
-6237774730795132974
-6233640839624979120
-6230875455570184808
-6229144966797483053
-6222668251491027739
-6222587043143733908
-6217938728078077015
-6217001994109240665
-6215898844925058095
-6215781040745790685
-6213986160220509819
-6213643485937747428
-6211182202788114085
-6209667935570150103
-6209183347146532115
-6208013464189144759
-6206431135624047396
-6204045546696914959
-6201659424272326703
-6199063078984852592
-6197552916078051599
-6196747035840538820
-6196271847444011427
-6193804912930734033
-6193414205898626948
-6189810103623829304
-6189187614704910507
-6188886808258151343
-6188755569602173322
-6182923756735416120
-6181083864558051211
-6178617627676191595
-6177831212212026653
-6177585732739223144
-6176655455922556626
-6176652436684614353
-6175238344900408131
-6173982922116113210
-6172916341306928211
-6169958778204583838
-6168565749969919849
-6168307958508624255
-6166687553969428308
-6166401144268071777
-6166121183864044873
-6163436204169758705
-6161535960160215459
-6158821814340684587
-6158055347930089292
-6157792448546470246
-6157589549954967906
-6157147724406907947
-6157101190710554247
-6155559799903149643
-6155169755365845468
-6152958460689121161
-6151408959134223095
-6151110139923590821
-6151013168746642647
-6150792611713674019
-6145320278365313996
-6145121927872642190
-6140895154496013438
-6140323166114309777
-6133638119955803966
-6131711658818218184
-6130687372608341703
-6130581177127875306
-6129053642788273059
-6126082445316758252
-6124310474589150300
-6121943941727334462
-6116136473004793113
-6115314889094761384
-6114266044611184844
-6113727990118430312
-6108462033964406343
-6106346654233071173
-6106013211743186112
-6102820662275532043
-6101126797541509438
-6094072676426094215
-6091113616279776417
-6090142436403513361
-6089868326987348139
-6087581114472589991
-6087242530369265410
-6086474679114040966
-6084383978459499113
-6083310909492619496
-6079102622403174948
-6077608980232604242
-6073764097722620400
-6072992893606653446
-6063486921874701710
-6061171267616106957
-6060278401104322943
-6058998088830872781
-6058867682732952990
-6051088151326904948
-6050561476796618104
-6043088397898984243
-6038539029446126271
-6037482656517694576
-6036315558694971786
-6034664989454524374
-6029764845494885441
-6027172054728555840
-6026860762203039470
-6024909806752098856
-6023343059671753596
-6022343408046553896
-6021126378082005739
-6017051238379159202
-6016212112405040831
-6014709615388867798
-6013460296638203064
-6011634974734865138
-6004549663492358297
-6003954886427353874
-6002004091806965816
-5996553772873399725
-5990883550234781326
-5989148799865456089
-5987857315530018368
-5984313848977992837
-5982527869718887111
-5981940433503330542
-5981764977004906617
-5981226880573863312
-5980324791766300278
-5976616342024075518
-5975231511066910559
-5973327790096709498
-5971850352138049030
-5971825170180221569
-5971642504705841297
-5971356988148077631
-5967600907925307483
-5967374669462732570
-5966410590206658365
-5964090404512099672
-5963972373859804222
-5962901040737438178
-5961401386110737333
-5960087617064667515
-5959605114241177035
-5958143838601467860
-5956596233447070573
-5951750628042950891
-5950630687610714773
-5950503608100667388
-5950421220837999912
-5948678261312051467
-5946054052677664338
-5944682987092732410
-5942548678005231157
-5942108771839721318
-5942067190384498710
-5941222685228727471
-5940306539261400795
-5939595823606464323
-5936816184905230972
-5936423585441183639
-5935636268775754667
-5929198970094019295
-5928322137050172583
-5928281771394580837
-5924334561861467735
-5923110151044759114
-5920153762499787456
-5917264871983029735
-5915707314413458207
-5913068568719359939
-5912854982505594416
-5909756749518003138
-5908880999330593583
-5907528353710914060
-5903415477617257327
-5903355803638932465
-5901681128067827283
-5901325450996015888
-5901124500056787986
-5900772945291826129
-5900152755243158530
-5899956165828337716
-5898651809468845162
-5895618637811492339
-5894944372215851096
-5894363562424215561
-5887997650095437580
-5887607818535830764
-5886868842817509852
-5886764078933580182
-5885707396260505594
-5881273997015922254
-5879766276869324681
-5878426577856358201
-5878215777911876949
-5877748993558249859
-5873121279344271793
-5872500959011134472
-5870765986175918632
-5869928594759714573
-5869919649357759215
-5868057401553213250
-5866614668423914119
-5865373499789282375
-5864730782042666581
-5864083881572460263
-5863996181848790802
-5861803553267435235
-5858943877745548773
-5858605510924721310
-5857686426295997247
-5857222474134677901
-5848771445321039071
-5847105885855013962
-5842346174562003462
-5841762627190605383
-5839539818090126701
-5836232634563120543
-5833232588544386774
-5829502158481261425
-5826871287465458126
-5825516325124072620
-5819954484693726376
-5819531831040605107
-5818919649916071863
-5816695825742293054
-5815682022321261671
-5814357863857166368
-5813512223275248780
-5811807269733064104
-5810992741028179559
-5808950145350997059
-5806719163598108793
-5806665185802423256
-5804999458060188204
-5804997157774583261
-5804916433844666280
-5801588102439881673
-5801479041692559342
-5798959628304371664
-5798491580864053513
-5794815619938130330
-5794726652742855757
-5794159892063953021
-5791074245393873209
-5790373285208015388
-5787595697212702506
-5784641158613342169
-5780082635475472565
-5779374531217883996
-5775557383433881041
-5774793497981633522
-5770429694041155166
-5769091881990500236
-5769082055987630543
-5769060157618980882
-5768629254529014192
-5766876773148011390
-5765676011375836101
-5763323823618059532
-5759982118566951902
-5757292991258685872
-5755373894421215020
-5754343141150454617
-5753549639891016356
-5750625419240854236
-5750199788111994189
-5744678924711670486
-5744500148467231323
-5744308219145643646
-5740185079740949983
-5739594151530168065
-5739192296098777195
-5732173623335864602
-5729749227164045401
-5729730589239152641
-5726945808658291010
-5725702661426252539
-5724361967242285102
-5723093781937784032
-5722980067889332420
-5722822861838795159
-5721990988130356897
-5721972616640395552
-5721469242643200241
-5720930844869604860
-5720865809914843089
-5720152080362919277
-5720124977643805007
-5718471678003930842
-5717282583147539170
-5714014966749659008
-5712590527573491285
-5711524513400037204
-5711272346827497824
-5709713749597081111
-5708725439511100265
-5708338067394917425
-5706774677040251944
-5706533232936672718
-5705709515624077665
-5695694416583059358
-5695163214084654078
-5694915176572927980
-5691998665183031278
-5691698273129186755
-5688593683428492869
-5684336776439895820
-5684244967877952878
-5682402968840390366
-5682146538393565677
-5681845132769400606
-5674666117656140176
-5670393942686567855
-5667821482897281184
-5666386459720357328
-5660286827248423298
-5656988154210571714
-5656005968788543550
-5653724927279605475
-5653106370601456560
-5651115957776828072
-5648279258057816148
-5647767312615777993
-5647642127037731040
-5646186350916337014
-5644636811515447721
-5643953760679949328
-5639718689751228419
-5636300228533754957
-5635908208822173577
-5635020728747846761
-5634604816833391376
-5634468195437954537
-5632957891800727955
-5630545105382657181
-5627619883823177083
-5622110784509862159
-5620843346297230071
-5620662103085323491
-5619634333998390829
-5615792800925032994
-5612980258124441551
-5607574817024138507
-5606113930040509658
-5605915718899846263
-5603699264260033256
-5603629388522821591
-5603511426700718743
-5603074294385775977
-5602808731461935425
-5602374846900100898
-5599762707576417824
-5594423681513647963
-5594055774835246672
-5590215155580542813
-5590026433412143160
-5589142314505788435
-5586052785219774890
-5585925408804783320
-5584805722812452849
-5584755470527806008
-5583145770152816700
-5583130481042331279
-5582719156788530298
-5582663638886889890
-5582543970705084489
-5580883403728644076
-5580857579733664220
-5580175390997606840
-5576965242894274282
-5576787483680727146
-5573416670410890644
-5571474350077542198
-5571066930776228051
-5569891002189757673
-5566103785641125240
-5565498330734794119
-5564613435532321056
-5563120941859552358
-5561913566677529561
-5561089739326168175
-5560674414134789263
-5559100151745370484
-5556491854216888698
-5554939164108465382
-5554222973782316633
-5552776666260174121
-5551949050194756758
-5551803012780622017
-5550472032407555623
-5545976525416864792
-5545656150784298341
-5544388270875989606
-5540408352460796557
-5539197783426648410
-5537993896650795384
-5536133375533897318
-5535374007816003124
-5533991143455847457
-5532237361640793857
-5528499040673538417
-5523529012476857922
-5522775007754642443
-5521131969218394378
-5519674560763499602
-5513136770362523156
-5510834056606811281
-5509659452931313043
-5507307613293150958
-5507087240085403061
-5503009310022844636
-5501612546982813640
-5501572567264025562
-5495978512694742656
-5493773685780310506
-5493394210817770192
-5491224203143032295
-5490540721232609595
-5490135907461721408
-5490037624752191037
-5489465392834186739
-5488834118599718132
-5484820673850251605
-5482385034009171707
-5476994140611358059
-5475483194500920625
-5474428971412497498
-5471935153344690496
-5471926213647558481
-5470472244550043185
-5469753707151461665
-5467679162297729966
-5467649794491529947
-5465324278094290522
-5465175329113048860
-5465071010185029647
-5464834164640653739
-5464754045253409858
-5463462580877902052
-5463089937722350373
-5461837146869872022
-5461648356601116077
-5461273021791835903
-5459013078044195107
-5458474610655670593
-5457367304672697785
-5455560983887925510
-5453468830822994623
-5452590681331249434
-5450004728363055058
-5447051981132890362
-5442593369569418943
-5439871374277357081
-5438240008510707270
-5438076446221850481
-5437325081847901898
-5436319349141896086
-5436132655532469115
-5432005203417456086
-5431967014178484932
-5431714648250016035
-5429249006482847883
-5427964262180237870
-5425749175534974106
-5422996144268811884
-5415428642337369376
-5415097907442267000
-5414392252800005134
-5413054767883781433
-5410030439417199834
-5404510716657246980
-5403910775988557577
-5397394786034681383
-5388464049782124915
-5388344736685866269
-5386689666785850412
-5386460413113692836
-5385375524727169293
-5384774045648064634
-5382461361175242401
-5376702756288073774
-5376472438956345123
-5376351360305671316
-5375004736981600641
-5372848295198751436
-5372518740410678558
-5372210779153089655
-5372025122828234204
-5370838104174611007
-5369337595631977531
-5364485062856755391
-5363541403099159181
-5361006416439987439
-5360622460926001433
-5359620153130112496
-5359528625230785117
-5358009901888998111
-5356559841219152286
-5355880542990820540
-5350093990124721199
-5349349256567016754
-5344664997676534786
-5344532547539589894
-5344019540251047947
-5342302058444104243
-5341772597357887128
-5340831842994014354
-5340146944666449891
-5335196659375555533
-5334626090722589019
-5334069919554661580
-5332897514892092173
-5332492522550000477
-5330041286297843635
-5327906238975649648
-5326019532273055753
-5322498779724968653
-5322023188515704947
-5319717003243582696
-5319218030215412110
-5318226735936397798
-5317808548597391184
-5317677932548563533
-5315586751177833829
-5305323216450872910
-5302628407866776235
-5302377324524225391
-5294170466927213907
-5291645197995538550
-5289703017410475779
-5285374979049084512
-5284072415865316333
-5282567075358184321
-5282354480635348315
-5276040022787984337
-5274386185147617464
-5272850793651743773
-5272479449083956423
-5271423039863840628
-5269979069421057797
-5266714173995487290
-5265182612772123953
-5263264058814302656
-5260564844946713283
-5258790813733677896
-5255858489331523647
-5249730361903055108
-5249068861268102857
-5248937245349830770
-5248724077106985460
-5238692412328897864
-5236171989692391940
-5235865934151262170
-5235392281853811180
-5234132134514879292
-5232922257088031960
-5231791805433340868
-5230521434267459263
-5225896968895666716
-5225473575634927535
-5224675486044317101
-5224383155839844099
-5224302324168936400
-5223614249867116301
-5222915907631133220
-5218625204169721409
-5218056214831068486
-5217861673208524724
-5217215949105893656
-5215769778846430847
-5213742900749110337
-5212729615554886113
-5210611170237948032
-5209699738909911228
-5209325931734215062
-5207411368199009236
-5207064347346482803
-5205109964559651545
-5204986503267919632
-5204640875690304901
-5203536380401923847
-5201532627400016084
-5200340891325133576
-5198841347593227178
-5194405795659116413
-5194370117408342083
-5192806082649575740
-5192797500961638071
-5191895320141238815
-5191714226833860809
-5191027876708111412
-5190916587543935853
-5185510355219350678
-5183023068549518738
-5175823334715879852
-5172999489052559480
-5172893629597251044
-5169912598217760968
-5167992984177595105
-5164346316855863253
-5163494817641113931
-5163432751829878497
-5162562011801073677
-5162440063632041419
-5161576893220331651
-5161225873952486004
-5160958457982194298
-5157521408116719903
-5155397432931480636
-5153407597933968540
-5153196152957797136
-5153143139560686810
-5150897531924608799
-5150119912838707362
-5148847255234159486
-5138370727280163106
-5137386253578603687
-5133468938630009459
-5131666650198832698
-5130735781764799512
-5130310366672212421
-5128676886706873327
-5126273858607659727
-5124559857602326961
-5122977275187276247
-5119261591489546332
-5118500088261671299
-5117341678087311051
-5116734041799034897
-5115637962247264901
-5114451108880114892
-5111416471314309891
-5110452687319408461
-5108158449057362584
-5104906937942504735
-5101284110769107990
-5098133316018580826
-5097717382783498580
-5093976629350883237
-5091727378982341981
-5084554644222125020
-5082226054533744335
-5079372498847542995
-5079040172527326435
-5077038927977357026
-5076911853866245641
-5076819213130728439
-5075738652497369597
-5074372595297178680
-5073101290020113982
-5066952373598978089
-5062341123124490735
-5061741948181908914
-5061668137555864741
-5057701734391399171
-5056206376884196055
-5051999506981555366
-5051594783947387177
-5051533391653474246
-5047415545318092873
-5047109239381292247
-5043762696247261375
-5043691312882773484
-5042307217052326779
-5039398732926255740
-5037767718665401997
-5035388115324943560
-5032810891654073498
-5030297787042771851
-5028807130590104550
-5028697860559870022
-5026850707119490677
-5025387789087239443
-5023697919495342530
-5021074883236689843
-5019491653530912865
-5017799181194396381
-5016208212686227469
-5013771544128958159
-5012387960744302740
-5011805139583708613
-5009261510640010274
-5008868478934426260
-5008504637438168945
-5002698588337397688
-5000731004017783126
-5000613758539124361
-4999385817673365950
-4996268130201117602
-4995856497399299021
-4995441712800329785
-4992558876615962856
-4990988824731433104
-4989443373178989926
-4988716200550896185
-4988625601775247031
-4987680347238111303
-4987013964086259987
-4986317236181692957
-4980790314139542026
-4979379483152234238
-4971406833532856476
-4969238009986219369
-4968575877316591650
-4967101303864978328
-4966693118852101686
-4965008223092369351
-4964526303363358528
-4964503245887789374
-4962682980613623068
-4960905517390547462
-4960007852601869156
-4957462305243241123
-4956199782466255376
-4955072685164026633
-4954469590833366082
-4954438253983202473
-4952659102312993313
-4949321912328771859
-4948037644950763814
-4945526183222396982
-4944760465900725493
-4944540553912612001
-4941584452705849121
-4935449940709554833
-4932476474432943579
-4931219481156024190
-4931150930319508256
-4929408918874294246
-4927990375927417464
-4926649823609325727
-4926404674031967380
-4925786420435701983
-4925363379766913611
-4925318650004483502
-4924821208739981938
-4923000994145563167
-4921637424019187825
-4918261982048830330
-4918169394283057071
-4916990565128055475
-4913453917524755343
-4913373019787863177
-4912419248222745863
-4912358590981779841
-4911333827153433953
-4910320531909985423
-4904436036801471106
-4901179680586849375
-4900344021764278952
-4898922572718009571
-4898048624892633033
-4894474879317212209
-4893287208606615585
-4890294023439595909
-4890158868790477506
-4889252648910358736
-4888770718870428823
-4887351959425104310
-4886537816371674190
-4882900551968231481
-4877697124418156900
-4875624897391336126
-4869749837911311355
-4865971887463151025
-4862480021188477354
-4859720993142915411
-4855548725132030289
-4854516539828329257
-4852346186748614279
-4849105814810782573
-4848910390499506620
-4848840039427825105
-4844293277632903171
-4843961587648644593
-4842742247404245121
-4838231997019223125
-4837307840495783896
-4837205154792223700
-4836678852017891641
-4836153985400650266
-4835880728901796693
-4834695183229845267
-4834570761032614083
-4832561730813869641
-4830435275075630556
-4827473221560731986
-4826797343947742394
-4825120945116729442
-4823987810826022659
-4822242726291395529
-4820789143015289812
-4813183911988995775
-4811818426338412548
-4810966685835225835
-4809370348795687953
-4807989761720862579
-4803929006550876657
-4803158991763814583
-4802595215707503517
-4795801349379874319
-4795462404337760132
-4795065833971440772
-4793842991404664445
-4793159775237574620
-4792506271772188751
-4792448721482194884
-4790970334883100336
-4790938988970060671
-4786448356983088520
-4786212551068764313
-4784445313578346564
-4784353832286112714
-4783233811125304686
-4783140146901773127
-4782992631657907630
-4781460304503613593
-4781080694318038666
-4780309313306149752
-4780152799329787105
-4779997716113674274
-4773335060118583161
-4772082453429239020
-4771316659896284678
-4770969964165841191
-4770694554403216668
-4770637759439226443
-4769580421100724870
-4767387120960000315
-4766376254786995987
-4762917396922473196
-4762448406930804307
-4760709594386206345
-4760180428863792400
-4760160455916716831
-4757199889655158850
-4756811660411569486
-4756188718419052338
-4754089923807975585
-4751516715391246120
-4748793517799610388
-4748231128621732156
-4748186015428384825
-4744853458978189052
-4743746990502237623
-4742263514636496653
-4741945902401370377
-4741478527822676667
-4738482301371069049
-4735181750858343913
-4733803200748834081
-4733392907783333985
-4730456910213846869
-4729311422273259855
-4729270122813634535
-4728236756712263434
-4726328208037190433
-4725770299134633290
-4724171727673822098
-4714981320785075334
-4711809764900604462
-4710690507958184548
-4708351940845723813
-4706478230163652905
-4703479032460350695
-4702346166563876179
-4699609545063419608
-4698769153194760930
-4696427479521070484
-4687955183231183053
-4687574114223994474
-4687396303708416956
-4685542955518486770
-4682396410252877639
-4679376981994577719
-4678707026290464435
-4676395899353632169
-4675797477811396666
-4674087767402290527
-4673573419611287139
-4672030384224344454
-4671693291258257025
-4671340730466984582
-4669714992522812646
-4668670344153016614
-4664748860018611690
-4664667107850283619
-4661562022108155404
-4660860582345580910
-4659168789159585578
-4657979808424675191
-4657084444624959285
-4655110695025277627
-4653603087682726882
-4653451575374254823
-4652274989592065860
-4651712156089203484
-4645253671642944684
-4642911808805416180
-4642781879858711950
-4640718022705242144
-4640304334145626209
-4639765491149140706
-4639478490218799074
-4637483837513148478
-4636742619451996587
-4635507869872838379
-4634909050334912838
-4631804837813124899
-4628990083133559966
-4627227304216390257
-4626525827569462200
-4625003601422875521
-4619960458900616704
-4618268672690049753
-4615423734157710465
-4612551525257646055
-4612497258204630218
-4610191485057904851
-4608719602792715860
-4607142163972288548
-4606112001228677822
-4603922826390477854
-4602778870257509745
-4601398506744335827
-4600084662225232593
-4597867615207271584
-4595505529872379848
-4595255897274367156
-4592842820567112662
-4588039500356690065
-4587737906295795138
-4586576616273814301
-4581979525251363570
-4581791830886134020
-4580786909490853085
-4578682358306228412
-4574617434138920493
-4566710700775771923
-4561584986334375628
-4560714190745390330
-4558131657885145192
-4556087703110294768
-4554251147328275072
-4553602911184407456
-4553003353450049678
-4552789182411601019
-4542550894746784484
-4538331300934270517
-4533404619255919826
-4533241739030873307
-4532497502449484176
-4529333376369916098
-4526327096850422451
-4525895090488396242
-4525534224837372231
-4524868795072590681
-4524301294263453879
-4524123467999666915
-4519130038791247339
-4518749188691917258
-4518693242902248411
-4518076684449957424
-4517783083084998258
-4516470775119765615
-4516028067924116890
-4508919912399394361
-4505314145156625367
-4501282270303767849
-4500993219339287428
-4500279554778520355
-4500204577791702499
-4499377232519119752
-4499095432781368551
-4498064491934337002
-4497230086088309992
-4497185045166987809
-4495526944042070129
-4490762722809043728
-4490397631715875431
-4490201722907239031
-4488389956999760200
-4487470700305968053
-4483030552188777588
-4482473502464468664
-4481767212757041035
-4481158141620890279
-4475544006752730174
-4474122190568446019
-4471440295120851351
-4467038784263118773
-4466483927872021978
-4464474043684349154
-4462355306277281401
-4461806290054345901
-4458994248234044098
-4458886679208132025
-4458740344400797460
-4457538037868142167
-4457142319723262039
-4455470709545403504
-4455359137360627048
-4452474393348807520
-4448320449458317364
-4447918284105455927
-4446871833340944154
-4446844675392854272
-4445618274957005605
-4445098575847823054
-4444619711387311831
-4442990615366533797
-4441961557962992258
-4441897969149039326
-4441695309880920408
-4436415513665640720
-4435366725270701003
-4434952842917106326
-4434808315366259784
-4434620372111476951
-4434577888878812879
-4430607390695411375
-4429474933533359165
-4428521036029540018
-4428192580081136644
-4421476809871562615
-4420363752514156120
-4412657654175918779
-4406211466083623042
-4406178715629430015
-4406121520868680275
-4405802140881969523
-4405023630300248332
-4402120278531324396
-4399423288949977882
-4396528543427734933
-4395288443526368535
-4393608722887678081
-4391405334950593655
-4388853466435144951
-4388815503616885031
-4388342164278670932
-4382863856786860699
-4382791360861546652
-4382615662438665597
-4377855134132445743
-4376895575878526557
-4373340093278940680
-4373308487752201332
-4371515939504435586
-4370416939185362599
-4367040510188904790
-4365488509929510166
-4363521223972110570
-4362310913687663503
-4361686092520801311
-4361493372248480926
-4361444127146886992
-4361027497171319046
-4359261340304510122
-4358973730557555780
-4357322721104538732
-4356896646234497615
-4355402068024875606
-4354998080212328883
-4354887314179396405
-4346395809337369619
-4343981952800843239
-4343972411849348108
-4337216329949712540
-4334041913934516137
-4332805924729382628
-4332249869476286667
-4331790361820492280
-4331336031257121702
-4328172500981579234
-4328083423753531884
-4327674478662275544
-4327653137234766733
-4319951907156409775
-4319538172710887218
-4319169816614871868
-4318382962952621231
-4316585792289655340
-4315615734266732853
-4314473714593796427
-4309649861304688392
-4307713912346100178
-4306804663972885971
-4305240156604077754
-4301873835189350376
-4297758304542773245
-4297473481157877531
-4297425687311903456
-4293730320856503517
-4292914588517321206
-4290764462731191054
-4290045478491437498
-4289081656788610819
-4289043702548925376
-4288621697489318307
-4287999339828515688
-4286203077375530123
-4286189716448806707
-4285761772144210735
-4285600361646626441
-4284184122865186179
-4283047150576876544
-4279245409192708746
-4277036400510399318
-4275838196841896121
-4274181287329500484
-4273769594974613838
-4272560540624541560
-4270666305668942109
-4269228539011501477
-4266996717328247439
-4265862906639400850
-4265666278283437659
-4265567036267892808
-4262981177782352634
-4262773409638193223
-4262669641861815143
-4260175555022696496
-4260057140526579373
-4260013845707464601
-4256716095399691807
-4256633420160810366
-4255541203695901424
-4253704777632680231
-4253275364410402113
-4249186439084194107
-4242030028289071065
-4241216052797433641
-4240862642511278265
-4240010949925566348
-4234308649157980674
-4233754038978089892
-4232353420015901605
-4231687198188334647
-4231587535090959077
-4230996270969591933
-4229757823997311447
-4229196525399010018
-4228613628041822117
-4228024885302980175
-4222050795705507465
-4219912687857752064
-4219006105959545734
-4211068609990493493
-4210080829561422987
-4206685469506643624
-4206458340031529519
-4204429467206013518
-4202984102714112097
-4201704347297256422
-4200865821364939525
-4198291337032066201
-4196456531189861267
-4193463345248961406
-4193255901892997153
-4192856245817138139
-4190776703802382348
-4189332147017861272
-4187170124388904727
-4175502323099475424
-4174104832883663832
-4172486027382434131
-4170974098010635561
-4166051911260907694
-4164915357717883440
-4163670296658912611
-4157069210592921199
-4153913221894597216
-4151657109541216905
-4148065908916464423
-4144403420162203469
-4143100093004104795
-4141247281345220474
-4139715205877668344
-4137382910572998988
-4132240353837238818
-4129940563179972673
-4126643631048365774
-4124323214855097577
-4123214690070023788
-4122862678890347742
-4120799906216669310
-4118603188638240925
-4117551874800290057
-4117263609255083872
-4116848873896075438
-4116134488528624121
-4113797588674359389
-4113166700317015363
-4109791740706278957
-4108235222273722989
-4107857118932355796
-4107315577978865405
-4098362230746297523
-4095564078229189279
-4093563160891225450
-4090972913830404171
-4090780059229294779
-4089943410083489984
-4086621726385291964
-4085069208169526297
-4083157199575625954
-4078711802831167710
-4078320717937674400
-4078132531392700603
-4077212421221161217
-4076926927575984761
-4073432527985082636
-4072322035944263404
-4071771879804091371
-4070172325127110727
-4068481502359706924
-4063913034115683292
-4059168113735096255
-4058663309924594328
-4055216158830323587
-4053559872728682189
-4052681722183542346
-4045988874636680758
-4045590766522712918
-4044076739079630829
-4041676943065689884
-4036077445562448987
-4035193111832848347
-4034435711010963181
-4034186234642524917
-4033192652225730132
-4030440276941005089
-4028941942878388617
-4027988922800903981
-4027725693340933561
-4020002411600963361
-4019911175983291015
-4017208758933968276
-4017197021206463261
-4016118330599171918
-4015169885070284251
-4014910400803714025
-4014685459020918459
-4014600183063930874
-4014483964736116268
-4013890303789148826
-4010583385810742605
-4010166614407237838
-4008470131332782850
-4001825475586532904
-4000589368104651746
-4000505135570787248
-3997241699191177851
-3997227312438851538
-3993948549871388683
-3988062682986357924
-3986638453289161394
-3984980960783773637
-3984840642390114698
-3983872762496350489
-3983844933841278885
-3981616908683313234
-3977560833335082387
-3975529440268654147
-3973811433553402740
-3971401574393599109
-3971162707554360113
-3970172146574422916
-3969805615704726136
-3968652221785007514
-3965729683220486831
-3964661385979185237
-3963995056000514774
-3962461748042099683
-3962120532597758628
-3961754660053358262
-3956450278084620679
-3950542275794506523
-3943653810393508971
-3942361352789022591
-3941533605636006829
-3939947644943453027
-3939879034380378876
-3936571038210099686
-3933597432012587214
-3931250293170146982
-3922894061087052727
-3920513108753780106
-3915113936301959851
-3914959375820764997
-3912322940603275438
-3911235431041709973
-3911223333878569277
-3909734802097788283
-3907756413232606088
-3905441622322964731
-3902833388711072783
-3902334542913743886
-3901861909111714539
-3900361462155236644
-3899300686453616581
-3896422467613255982
-3895261457552526356
-3895172949057626688
-3894290363239174678
-3894281012736938918
-3886523949317879085
-3884749562528032648
-3881532236117224468
-3881386414059880124
-3877719771104755072
-3877521225543648339
-3876470475864341000
-3875701656728546717
-3874919507039849928
-3874134384773986871
-3873999307088254538
-3866360687147916323
-3865927016376693032
-3864073478097092239
-3863536202449667178
-3860766197543180589
-3860390895355949463
-3853739980036836765
-3848828089171097451
-3847692506363335320
-3845966423543592887
-3844069421073611434
-3842190866854230797
-3839462916842753226
-3839130885807884608
-3838558358066029421
-3838049752178926067
-3838005071485216442
-3836879454045129166
-3834522006154127855
-3834362728288504677
-3834058760543483459
-3829111457878307279
-3828779416741902174
-3828714138193514623
-3826844492882660052
-3822343815091165702
-3821837255628924859
-3821748850159228752
-3818833325883528361
-3817443028581305716
-3816090184166221077
-3815496809602346387
-3814980813631974568
-3814221450055265721
-3813803222387424397
-3811178043703453529
-3809068730399715336
-3808347013974935996
-3808023732917041194
-3807245384377238568
-3806090562941593729
-3804879952619924211
-3804666457234264728
-3804009695635411802
-3803182435607461156
-3801948357598838527
-3800659834216796960
-3800397261797034368
-3799583852909419980
-3792686830171160029
-3791045047820300713
-3788600897669208021
-3787480507276402927
-3786094643014403992
-3784674047145759319
-3779997363315392652
-3777303640491738817
-3775329802942030291
-3774030911878456337
-3772873284160879001
-3772415947556503005
-3771604384519504037
-3768737916944310484
-3768279741875026885
-3766726520329119601
-3765925863581797321
-3761550242283626978
-3760031727468999717
-3759852226134474803
-3759522879720956934
-3759329279585809846
-3755164658462705723
-3754134734735910438
-3752276978748807869
-3751504851526249046
-3749139049112762149
-3749124633944454157
-3747699899406484737
-3745792094601729809
-3743441557279752708
-3739630209683987898
-3731938028790342459
-3730100395913377063
-3728980668889471620
-3726672332497645540
-3725757888833661306
-3720555048085573079
-3718716403909369792
-3718031568072463127
-3717405711742194498
-3715713202513414674
-3714777221629102626
-3714074406097702661
-3709902446008954210
-3703391139322622233
-3701057094723140719
-3700791395031377904
-3697567611517372714
-3696550336010405923
-3695910746545531925
-3695761610820878952
-3694144045859417403
-3694015681150631181
-3693197584225478250
-3691438820474041446
-3690652197038547450
-3690590484054856722
-3687577975888552203
-3685281501643700463
-3685048962722225914
-3684651200166924101
-3683822924203368712
-3680404787797011321
-3679495882002643449
-3678613125545219732
-3676099470380835640
-3675038576363483614
-3674801347719978272
-3672477443250445141
-3671021785333136209
-3670917639518852496
-3660460184089564321
-3659366056829118888
-3654659766815210188
-3651672660680083349
-3651097926692598576
-3649346215651811473
-3649157131656693520
-3646106294213026582
-3644390548591562839
-3642654927144059114
-3639962161423854252
-3638918450355779260
-3638648576154618651
-3636061281389742809
-3633417782466056128
-3626899184776498377
-3623535155283581369
-3623138582124123889
-3621494086372533682
-3619328536409145277
-3618387572478992546
-3617813551745278119
-3613890165348564630
-3613795545222090688
-3609018325986046488
-3607426016599573047
-3605931698887491325
-3605457087347303291
-3600901151877896042
-3600548425552552580
-3599600240160275775
-3598105935039757119
-3597002289807423563
-3593173201681922147
-3589360917925414395
-3586228061042491688
-3585091453205656660
-3584814523873828393
-3583235798323695647
-3579540378713240838
-3578510280137614986
-3575789763046391383
-3574488738258452594
-3574089490679880180
-3572629831492512759
-3567709809988510371
-3567376787740097695
-3566344751884431529
-3565682588103336547
-3563858136460821626
-3563262089058450902
-3562447636708954345
-3561124551628859102
-3556796430044389950
-3556195732862321451
-3556068839290332292
-3554609415723162895
-3552955897741555767
-3552281080140578581
-3551551643588710354
-3547168054148918460
-3545739307952427748
-3544768904050029190
-3543776853796177333
-3541082410703753023
-3539790656258611221
-3535140801604021261
-3530114490407726947
-3528011378644019808
-3526768810493926228
-3524352555948428078
-3519723331857752840
-3517025109723686526
-3516557001530249085
-3515799938313702938
-3513702894873760903
-3513285123786375306
-3511391042333075319
-3510955293727435539
-3506910452051483734
-3505292725572120561
-3505031507620320107
-3498805053615525204
-3497635687032389550
-3497125457749235929
-3494252951680447030
-3492738534540602649
-3487353781992141095
-3486843510507229181
-3486417002675599150
-3485192983486532736
-3484553462453378516
-3481138847732502813
-3480219423577817647
-3479851101855142623
-3478706290942095506
-3478547099906159889
-3476751781576877264
-3473094071416788849
-3470308058972767559
-3469526139588616166
-3468147493828891819
-3468119107007813558
-3467944725231638030
-3466211610021192525
-3465930522339175312
-3461139711824385892
-3460816610514174187
-3459973773798041908
-3458496882937043380
-3456727350314660371
-3455897974094710668
-3455189216528716321
-3452163592915737436
-3450868585897228298
-3450541625209664274
-3450422489216536678
-3447927658087331482
-3445821572412289831
-3441612683992032233
-3441015710197196334
-3438665812860888845
-3436922381146815023
-3436581289064589605
-3435871716049318644
-3435569010270795490
-3434735292457818807
-3433047247938146536
-3431393316945085994
-3431251805036474950
-3430542938879809706
-3429548325516918839
-3426081406549366414
-3424372836301828221
-3423729865803982627
-3423431096988571856
-3422415456738651165
-3419604416220258266
-3418654472544959068
-3418533342851175270
-3403224451561109855
-3402454914386584275
-3402053155229046740
-3400274564300854007
-3399890100545158086
-3398351404979480371
-3397370534555115083
-3397310888922690265
-3397218412056188152
-3396217725314780967
-3394771489250165291
-3392516437446554454
-3388441892185574757
-3388229567540976961
-3387583020058574893
-3386059721703968270
-3385539323734826823
-3383526845819375782
-3382647582168017812
-3381861524311773053
-3377981479892123621
-3375756840887899392
-3375751796832612097
-3373508346627410295
-3372703051953476365
-3372326222266175810
-3372067375103645452
-3371418940483260808
-3370510526077707753
-3369404785896906816
-3368880546183741938
-3366492573054241221
-3366294899797778801
-3363270868058541467
-3361971988222669272
-3358853527086189913
-3357076678664510950
-3352961097430324758
-3352129896195626639
-3347561691163067269
-3347131492668372105
-3339262763540134750
-3338556352454141433
-3338023698103546205
-3336428556236735973
-3334831958737290372
-3333684209445944853
-3333027198725413193
-3327675684654691202
-3326309742489431788
-3318736992555467565
-3318010922388894598
-3317596656358372829
-3317462570481363624
-3315325474283822078
-3314294013436825851
-3312499807379693785
-3312036427439670439
-3311145675443369526
-3310383353569289776
-3307297425773767639
-3302347948384839196
-3298222582953787177
-3297288869974691543
-3297111989054034587
-3295980168237404652
-3295608028965031588
-3295594347920024588
-3295164169612741937
-3294317848330853402
-3292054795056041786
-3290097892465181380
-3283382978086930088
-3281888401543571702
-3281624471680378077
-3278118355803238900
-3277780400447965956
-3276346647594238513
-3272552455136876743
-3271719942848566640
-3271050314083215889
-3269868916022454395
-3267158209854092674
-3266798233490458517
-3264562282402908673
-3262278361801759937
-3262029706219738361
-3259258007989399461
-3257520530026963170
-3254434359763182165
-3252753839821187951
-3251983632724456921
-3250859701031498885
-3250060775188581648
-3247380459536896077
-3240596967893403623
-3239067825727661002
-3237960663192056152
-3237855324050948528
-3237557231499734046
-3236051518399958970
-3235056689080464583
-3234864840094299863
-3233043420540034198
-3232001526933131528
-3230675949594336573
-3229838914810259574
-3229205074886656669
-3228493828609733637
-3226893651371857456
-3226815369361447179
-3225515572042411629
-3225511608577114993
-3225257684499470621
-3224957579763189277
-3222829832335452041
-3218160209044915685
-3217999522763222449
-3217137085437969060
-3216914978648904780
-3215267109910079516
-3214349736263038078
-3210886682346905970
-3207952373341848546
-3207578265784334977
-3207493419985889125
-3203611878100576609
-3202011538694940011
-3200053045074046499
-3199537038933701964
-3199105127464673412
-3198466242566195286
-3197952383764360964
-3188945247232586074
-3188885333662128020
-3184929713467540416
-3179296863970445258
-3176900811635923392
-3175907120626597259
-3174805041246472321
-3170349108095897514
-3169646749979725539
-3169146900255380797
-3167062579608575249
-3166319286391548990
-3164270752230825101
-3148706914686727806
-3148158845488781095
-3144585132274599121
-3142383116041495593
-3139423943764963948
-3138212547241427407
-3138053860314892621
-3136070978382909687
-3132835315827033254
-3130541721703441510
-3130449248556662233
-3129406200804953032
-3129160199853161998
-3128028734599844367
-3126528193333209186
-3126084487416306347
-3125538010132229264
-3124830091701176640
-3123773779933651013
-3115619063875203820
-3113931028148514911
-3110794817543308326
-3108902163315497176
-3105547212242614845
-3105464456630364158
-3105235662939056218
-3104839616873860106
-3104297867562145462
-3103487229303502621
-3103094869752388422
-3102553957967349226
-3102292371294521189
-3096931299928237160
-3095888783425276457
-3092798281593485341
-3089377488351450874
-3087807122702858435
-3083990333151053205
-3083879321664884135
-3080866040372967870
-3080764829509802856
-3080665703598471199
-3080333841305164595
-3080153951978555168
-3070800449145843800
-3067849350291733897
-3066845077979434376
-3064437306078554638
-3063729595326175268
-3063477076366820219
-3058430383042544001
-3056264051287311832
-3053621946445788223
-3053433371711861151
-3053145613065063076
-3050905159071818206
-3048557718539635619
-3047050119000473619
-3046179419835192962
-3045100190834056628
-3040792149934686579
-3039309999357946183
-3037928582430746135
-3037621089127841052
-3035153199873884267
-3033549941700331107
-3032648580150901292
-3031298035416051053
-3030540263885025840
-3029083924361596663
-3028036637069779128
-3025376215838826140
-3023154550124330878
-3019069593240448998
-3017648856910379817
-3009783301596040446
-3008728333408801139
-3003502785951134318
-3002392710234075846
-2999555601795805311
-2999409819740069529
-2998852011955304999
-2998727241556611275
-2997838764125560185
-2997736873677919983
-2996150143652252359
-2995646243351268565
-2994903941086467311
-2994548584620264010
-2993021053951255147
-2986248421329587066
-2984759865602752654
-2982661725785454300
-2982446928991953347
-2981470808898115140
-2980230963565624216
-2978489475854661910
-2976118282717992038
-2972686637132089003
-2971775055240236739
-2970160946665784479
-2968729672123005825
-2968132424215420503
-2967817839338762724
-2966885213716137530
-2966408407704346932
-2962715944621041947
-2959870724756705391
-2959509895071779756
-2956465764885717639
-2956444027134118485
-2955526847120283123
-2955171787938866506
-2955152318314377077
-2954007466048600106
-2951801214964490857
-2951081841635790116
-2950701738664912827
-2945873650907304162
-2944451055613615498
-2942695448213166787
-2940177667302278678
-2939622722474484641
-2938841675667458684
-2938324875962062298
-2937779951382186029
-2937625556041815627
-2937559895259010684
-2937261213110070636
-2934561223737605620
-2932923227160761687
-2932747065536805551
-2930642404194028948
-2929738963830076601
-2926923119720879887
-2924358982917950498
-2924296728217499736
-2924110782117176698
-2921051889037802176
-2919618764583046352
-2913898384001716394
-2913538980437246775
-2909367709861841974
-2908746225753881256
-2903732412789983391
-2903222226749350407
-2902179450872566317
-2896218630245784091
-2891029245684591445
-2890171078502968904
-2887692119968654413
-2887123597519742932
-2885652992625771243
-2885446155957521810
-2884433455672305115
-2880986720804512664
-2878771189483071394
-2878751337377893304
-2878161511394759299
-2878145439472037607
-2877284144329086365
-2876911557588535750
-2873546539141442099
-2871177181820843943
-2868471596431972686
-2867012866063313757
-2866051854858181797
-2865564776757275572
-2864242687996719902
-2864051094309267762
-2863527505887311470
-2863332505107721976
-2862352748196620822
-2860586847928556350
-2859850007355273396
-2859592909607922241
-2857136764813579570
-2850763140260448805
-2849322072847971914
-2848597089633210771
-2845424541023944334
-2840158669567205212
-2839602441750070439
-2837507140012220385
-2836746632071310306
-2836007720138143562
-2835030185724986486
-2831030844871400502
-2827879464879151232
-2825290343088331488
-2824981005079398302
-2821064536494242365
-2819995977317158711
-2817660640769117398
-2811986785460815224
-2811295494007445521
-2809408339250847095
-2807429904602772418
-2805172729753861243
-2802206515475309677
-2802131321599448622
-2801722554913681933
-2801402678889369598
-2797209717312616068
-2797196171798678056
-2796121298142773450
-2795752095885187100
-2795107310897218498
-2794737940374795330
-2793778253309261803
-2792999685001525068
-2791069891638628574
-2789808006615939017
-2789185526678168879
-2788484949778985193
-2787509684908330275
-2787019453006887315
-2777842336485331823
-2776575706410018637
-2776006945566411707
-2775992079506479460
-2769998132103711207
-2769666990059346393
-2767253273532900742
-2763642223340231134
-2763264133375198325
-2763188691806779372
-2762185294261224047
-2757298116054078732
-2756838856190491459
-2754385284107737351
-2752923422998477445
-2752548729467098511
-2751416705789246526
-2751372619757700137
-2749969119377451493
-2747892637477414261
-2747109695528710752
-2742005905119307956
-2738703332186956803
-2738174441607950891
-2736841683791171009
-2734880583818044024
-2732653158998834449
-2731967038620556295
-2731794877591643266
-2731469738205603259
-2731372871966963930
-2729982870792463339
-2727747394723548690
-2727495302908658137
-2726734101352659462
-2726230975807657669
-2726209731597875204
-2725921810002041980
-2724179515596990408
-2720094591861629678
-2719562116069602212
-2718110055978714956
-2717049445787767745
-2715404316481281910
-2715352391947738473
-2712196270090438401
-2711750520920243639
-2710885096585755509
-2710166451318877546
-2710005460016378326
-2709942105324510726
-2708022410977751290
-2706810793676696513
-2704010321476249670
-2700274998633225883
-2697213389089053447
-2694963759052983086
-2694664984194917653
-2692273013144779894
-2692162830356846192
-2689101571774028630
-2688929734659227649
-2687178878411391396
-2685171703845646181
-2683095371103301388
-2682232400269858598
-2681257306946307111
-2679924076234685842
-2679593507110936406
-2678842202914895269
-2676842902514821950
-2676817881824148854
-2673811842647371273
-2673642186832361969
-2673628618120589319
-2673067509870709258
-2669825997874542659
-2669306131637893591
-2667442691329776327
-2667331032916302976
-2666486665338351386
-2665377381838869739
-2659931350225092144
-2658640846394433498
-2658316976408866089
-2657725881453396315
-2654571263244525782
-2654502364462008317
-2653431079334466752
-2652481767065562959
-2649997968832283046
-2649933654320697396
-2649368289291984936
-2647665040420281676
-2642646418136025585
-2637890707015012951
-2627373927045774332
-2626979210864803882
-2626500345086539156
-2626005129128501295
-2624383319391941365
-2623270291717938065
-2621676054621297197
-2620056944652595398
-2618444923662296349
-2615819130822864439
-2612671063511712780
-2612102458924719181
-2610507548033805095
-2605654480495649767
-2605107449783930682
-2597544194763159345
-2594190867963471535
-2592286785375093786
-2591812265545932777
-2591018962409293827
-2588509438052867592
-2587921622424621988
-2587781541111180268
-2585309688129735302
-2583454410176303802
-2581222619474598411
-2581134400411987957
-2580225141996307561
-2578882215805327304
-2577679404541753258
-2574589430637603809
-2572599533181870244
-2572352118974742473
-2572095761198693182
-2570445004963605638
-2568303193575012903
-2565806698358868758
-2565640814595864578
-2565095104984855868
-2564615009364368401
-2563536264298264741
-2560358443476837439
-2560051747726353594
-2556265534766183137
-2551760030854578189
-2551142645919947922
-2549015215219309188
-2548061531384361142
-2547686959512730038
-2545374644857194317
-2541319643602269348
-2540947018146664282
-2538930965378113072
-2538652615684317416
-2538423911472011662
-2537256233861347740
-2536068937391264339
-2536041115009992547
-2532576037024409067
-2531560485042923405
-2529081361368160351
-2528915442840797763
-2527795337268153296
-2526015701748194881
-2520238400743416566
-2510222203888552443
-2507848825277481292
-2507757755651417677
-2507613625697395021
-2507429978485280833
-2507310556375085005
-2502689590920606680
-2498964031805112648
-2498013111127121624
-2497290872727074086
-2497197147996503160
-2497168328216496909
-2496051671352328373
-2492794830222235405
-2492296186578939480
-2488559392874502001
-2482788645741576528
-2481007361675405418
-2479604963847214573
-2478165220937475222
-2472182386091095268
-2471703455820704176
-2471273302106984464
-2465898663556715427
-2465837376774894867
-2462261151197973390
-2460694517170113202
-2458821743059189268
-2455965795820459484
-2455942555508925109
-2454747859332202145
-2454413195917347830
-2453836731273006775
-2449238207319080461
-2443713489994524711
-2443622767725985081
-2438456126787271580
-2436880860026470003
-2436832653813612319
-2436145168445663590
-2432240163855772992
-2432054015119659066
-2429943111745486658
-2428764078126185736
-2427963718987063369
-2424149549494158437
-2423664805187294354
-2423253851725215258
-2420685654396046282
-2417401032116449788
-2417204353315899993
-2417033337126144858
-2414394843094275014
-2412978645248379208
-2412636037972659806
-2411622449216206016
-2411339004065615767
-2408478158689598764
-2406668174855247357
-2406302224869828735
-2404791187679935894
-2404026224090963062
-2403303564317225809
-2402027970597559504
-2395394940121144825
-2391549628590870575
-2391467603352528957
-2389074922553075205
-2388839612822975152
-2388520675308242045
-2388339129924778828
-2387620846260528456
-2385806586062443123
-2382037442013731410
-2381688956156525853
-2380878593278663677
-2380813544222995787
-2376691571962375197
-2375450367867628522
-2368566532139532542
-2365367887077777959
-2364739823576834608
-2364396564455734824
-2359192269523316029
-2358832795855786661
-2358417615539250293
-2356668366162758212
-2356590368091651772
-2355943764136517191
-2355800635771007975
-2355740505917219551
-2352257174885780133
-2348642685493707155
-2347726428682238121
-2346405651810405332
-2340707353270994749
-2340036477147491641
-2337606967460378943
-2336160578586551849
-2335307797560731668
-2333694054260882967
-2331887652122959559
-2331663334703793419
-2331032425207992367
-2329714095196946342
-2329013091109771298
-2327314618272964911
-2326151883229677644
-2325796292090048161
-2324504944263371922
-2322430628845595255
-2322129538757770951
-2321418067517534817
-2321350430765892872
-2320729538450359730
-2320259124908398914
-2319150415040458722
-2317957014480382095
-2317286318120440577
-2317240848356863944
-2313946006548439677
-2312255888263118841
-2310967385440538754
-2309925469438496949
-2309045130198344701
-2301323306724515957
-2298955167845929459
-2296675633577761641
-2289746558906557988
-2287994585098885516
-2286661564739056721
-2283299077065837379
-2283070608205009903
-2282138241044076801
-2281012325777501504
-2280947950716657353
-2278299417549023741
-2277203654855602442
-2272845110281834867
-2270752743179113353
-2270398820404438036
-2270062547603861352
-2269095358599892378
-2266583042759857599
-2265360819839229110
-2265044113826943699
-2264067009585491179
-2261459994713663702
-2261376750607666667
-2259331155496178753
-2258293204377574324
-2257096978969333384
-2246451939514795591
-2243823105463207050
-2242600361164753220
-2241726084809954903
-2237844185928554717
-2237843544889295927
-2234521497672010378
-2223898854101605827
-2217314053090045134
-2215054159577569073
-2211227128743499664
-2210597743481754285
-2205831944814601910
-2204913477796422996
-2204376070666066701
-2203409840790324197
-2201015026142642491
-2196839941067912585
-2193261896436622534
-2191488924519179105
-2191062450635464451
-2187493311704922270
-2184556540533608891
-2181798809020774979
-2178145897626539664
-2172889425774698647
-2169903240980869373
-2169787252897665479
-2156912974824288676
-2153943526680144203
-2151751984258778156
-2150814920192811963
-2149675881064924956
-2147924031161687185
-2146860643224359192
-2140708442480148473
-2136356822074066701
-2134440621858054063
-2133603286906337916
-2133519540384182099
-2133375716649401296
-2131982984083010614
-2130161745860417810
-2127390919704677933
-2127312729581516259
-2126720560343840145
-2125405128959234208
-2124608114426367589
-2124566888064142292
-2123760149486153737
-2123676509587259276
-2120181805516553867
-2113544496850024620
-2112445023703955296
-2111765011979089999
-2111634892777919584
-2111318296915500825
-2103549128740750648
-2103105878677144608
-2102539281791783142
-2102399796974601398
-2099001283904156566
-2097742226444025338
-2096809288899065644
-2087885753037404595
-2085378071679201367
-2083674433330802092
-2078061653486585075
-2073668523849860536
-2073545497544674813
-2072549347475006376
-2072493950439119961
-2070103877113454452
-2069103880927886088
-2067619961687604669
-2066322601688812460
-2066009531540366285
-2063380849583663764
-2062699300209591043
-2060257688808473683
-2058916528530511839
-2057416324481147693
-2055002226345624856
-2051897898662136733
-2047701438728513386
-2047411423941829190
-2044996827577752897
-2044279376347161415
-2041671101165631987
-2040857475357981816
-2040450870386961634
-2039199828145438505
-2039151794389217832
-2038409481512334895
-2036500325214436919
-2032344516667211652
-2031153135683535690
-2020899977751417720
-2019778145824995845
-2016351111892655446
-2016142521295803667
-2015903408385597003
-2014437275294476631
-2011684266115435272
-2010363703661789457
-2007395507050083099
-2005522928864691085
-2004224450069983341
-1992138765932601199
-1986421916718899653
-1986270716804425667
-1985837924989150943
-1985479319774912489
-1984248047198252742
-1983592329830608643
-1981709362736833154
-1979299328165049616
-1979173073367672695
-1978011593104170899
-1977270807997943235
-1976166566398900757
-1970926235159959906
-1969412876577612512
-1968649624665148042
-1965837645533018353
-1965263332604329397
-1965201419273317000
-1957834698169029892
-1949840277394166736
-1949198611429635721
-1948679196677180723
-1948546608087577825
-1948059252839590926
-1946829988032661608
-1946582996768167810
-1946527368783203173
-1940057537282405941
-1939878579417178526
-1938557771425400601
-1933894666727153514
-1932753350885843551
-1927658237905777987
-1924885299705678586
-1924149213128440069
-1922174329451312611
-1920301701041664712
-1919148670553270808
-1918077914792402448
-1917735818782450021
-1915773882663288559
-1912335037515911586
-1909726792319909596
-1909181757065429847
-1908992723109409290
-1906232239526284453
-1900726484097627060
-1897921902691468051
-1897686021589722394
-1896694946156612008
-1896037650313960949
-1893193322933292623
-1890837038209262325
-1890335544164871505
-1889778979477653371
-1889068903899124752
-1883147470922074432
-1880770213380809365
-1876299192760569508
-1875719666641164140
-1875622623013441037
-1874277631968567497
-1873075097742075871
-1869594314453959017
-1869512556463690271
-1866094978811340590
-1865187232572478656
-1864864204389102725
-1864558251294178801
-1864328840663084561
-1863796662710822489
-1863239939188786897
-1862903499225984557
-1861837599814384015
-1858810426503346023
-1858371846341664490
-1855343836710168024
-1854991244360986747
-1851075523225836880
-1850033352050767619
-1848421104934557389
-1846752145579964859
-1839345190816010884
-1838389524999146259
-1838059005215335392
-1838036030640185181
-1830789562128565222
-1829564525158192315
-1829067837869154453
-1828134508482165042
-1823900917457511643
-1823836691668183984
-1823688972999649774
-1823654670674039668
-1820831986793984145
-1819590109290012211
-1818908316275306211
-1815916536603588003
-1808793457456619505
-1806605612754209500
-1806137529511789881
-1803880408337720452
-1800261848787532289
-1799910413312862928
-1799289189563924031
-1798343641622605168
-1797665574955466698
-1797324851217482741
-1793727217555962195
-1793579215935548865
-1793071016064986369
-1791416445648168732
-1789366989388057135
-1789195922323616961
-1782177542461239711
-1781551291544530012
-1778190252541551237
-1774415249488300757
-1773757191188119810
-1770014952522885917
-1767475582172000438
-1764211537198782940
-1763141187788760932
-1761563199922956394
-1761052779087319581
-1760702684704453076
-1759189434438201989
-1756874216785543406
-1754135118623200893
-1753264523239953331
-1752234555022337373
-1749049808470981859
-1747348631116026562
-1746798380416805697
-1746357153288086409
-1744149742335078249
-1741743443739276737
-1738800806735484275
-1738549967796070102
-1737359150305213683
-1736008151084299721
-1735313969026912286
-1734146224193079666
-1730912939210490188
-1728645268045165660
-1727939060837804575
-1726620008651651396
-1723687609678837360
-1722117238869818701
-1721149767342144820
-1717799766235499331
-1717670706748825651
-1716715335634393325
-1713717452075357058
-1713407844849726454
-1711860162685936886
-1711843688970668431
-1710117285541952835
-1709859536467509994
-1707085276172047643
-1705298045398138407
-1701393505130318210
-1700694125085519530
-1698227879575795713
-1698171618586980302
-1696844685278222368
-1693587700539064054
-1691679680966145031
-1690890690332477134
-1689460338351815571
-1685152728442980847
-1681590895989258698
-1680122049894309173
-1678438781189081495
-1673809675811336761
-1669599237330068243
-1667299874005758081
-1665783147497115525
-1663613382140753739
-1662391956699132482
-1659589315492687527
-1659335354088315227
-1658407565135134778
-1657968516990156279
-1652254278894296660
-1647456651319952043
-1644920498036976719
-1640630747059240314
-1638756460157945261
-1634726146975959376
-1634489721483043807
-1634280912014699357
-1629088257236710406
-1628617438475531804
-1627837682122180035
-1627336507562142357
-1627282462741871832
-1625532599661970253
-1624846601067482983
-1620054204422595379
-1619350046302684141
-1619337978108266088
-1615860461625844309
-1613709455923280268
-1612825548336784739
-1609413056469574265
-1609393040494899985
-1608588904676985166
-1607540266732432538
-1602843392075024118
-1595589879069437655
-1594632123691712836
-1583250088630556059
-1582602437217654473
-1579478072881553969
-1579206244205626608
-1576123353178666156
-1574742692594578217
-1572033510408518608
-1570381136675121076
-1564063136349744533
-1558894985275504677
-1556335590388787977
-1555440909517322128
-1553885214875130155
-1551936187619615713
-1551828403908414965
-1551172208082314970
-1550816039603515628
-1546431031257384931
-1545949925531724217
-1545819471211264683
-1545386227719163192
-1537843683728926981
-1535167427572806555
-1534682091832397670
-1533740092003545856
-1531998647041884885
-1531242791394706776
-1529802530201024770
-1527421563899585164
-1523239843389826673
-1522621326264947514
-1522107101793969442
-1521768066247421904
-1521723855813065781
-1521713275156268993
-1521511275571812088
-1519892991280964840
-1517932727242064202
-1515103512217902826
-1513821565620639562
-1510990789714746638
-1510553442809739696
-1510378671774741813
-1505474195298640569
-1505276487626119202
-1502171711707600225
-1499376154232409392
-1497554908275310089
-1494667375752687770
-1492787032320373494
-1492737758409643098
-1491024686396026996
-1490924340810637372
-1485289547639659263
-1485038193282111839
-1484237479696784138
-1483861541278624264
-1483454747322489371
-1474936525763817895
-1473709317709330528
-1470344371944300485
-1468307943076368645
-1467621635583601320
-1465839629477876938
-1465188729323029957
-1463185362390293392
-1462542481148219051
-1460918459781791893
-1460727557953169519
-1457762410727481280
-1454997282381528566
-1454531497376696429
-1451909555719423722
-1450606813625915126
-1450206815223231235
-1446808622784175115
-1445674372811121773
-1445197742237245636
-1443487958140909868
-1441427835302308964
-1438229368558295013
-1437970485386865431
-1435964103219749382
-1433984148062402319
-1431618435942002408
-1430419778817621114
-1428728795956966640
-1428310993673166159
-1428224532642436013
-1428014704624404354
-1424346903206096728
-1422679002032431179
-1421863240151201114
-1421710982763989879
-1420895936100135441
-1416823304878718569
-1413800714642951453
-1411947072726385615
-1411003795046421017
-1410291855217943934
-1408268450689284067
-1408025131400603480
-1403931359126321603
-1398313653856057022
-1394531446817054808
-1391587529143400829
-1390215489384907722
-1388095089648918144
-1386892704783766139
-1385766282322449039
-1382972591558678040
-1378604223302107882
-1375964286393976724
-1375385334098757470
-1374248484726317480
-1371181478936494785
-1368646542091067198
-1365713277527816350
-1363274067808082942
-1361854683218698997
-1359724617354244126
-1358307695860532553
-1357241008762340640
-1354349323350787429
-1352067641962423572
-1349720261035142935
-1348899694648749798
-1343689804959617704
-1343255513450034775
-1341423687601504606
-1339887912900564932
-1339233351646993196
-1333014243831667517
-1332669664123373344
-1332468401057136091
-1330795359485870675
-1326807115388847300
-1325489117484352471
-1324984758337919444
-1322715002259790465
-1322632918566162739
-1319482789042768012
-1314721882760200123
-1314452270353861607
-1309012201032121138
-1308981183694366514
-1308728052852058341
-1308449442649496742
-1308291534144793612
-1307821158631153140
-1306691973292654693
-1304902440565075374
-1304360072533188571
-1301756543511545166
-1299116037478065498
-1297130360693603319
-1294654501940577717
-1294347736724772906
-1292329262363073777
-1291017421017078957
-1289505869500747874
-1288166232166206172
-1287859625408007657
-1285976687748976436
-1285852491731000993
-1284318637395490064
-1283881752001344766
-1280441743385380035
-1279444844466328901
-1278845890745733856
-1278509045688731986
-1276136306800501974
-1274307895945142249
-1273130571810067356
-1272389201879615203
-1270167233924560953
-1269512316200970013
-1268678742211131197
-1267455862692271661
-1262647344225523167
-1261195806666171716
-1260575700121039802
-1257182348256154478
-1253937382129525621
-1253076900998387711
-1252523367812723725
-1252353028787520780
-1248849193393199182
-1248743355960428126
-1248059746878061532
-1243018607149521382
-1241630352924657720
-1240526709583134434
-1235654858614239808
-1235526258284543611
-1234555702565335821
-1233446968843391555
-1232917306810867696
-1231424403139529383
-1228877787149225194
-1223965712570838530
-1214000807812551607
-1211422544837924991
-1210949417684594253
-1210300764116797865
-1207007711440515437
-1200711594158056674
-1199103187089486765
-1192976207783281439
-1191774478361257898
-1188352047950390660
-1185541909066789818
-1184480403476987803
-1183963856595273264
-1182045947675356594
-1179371759565518518
-1178781191495869899
-1178088559352208692
-1174009817570950249
-1169837152792790676
-1169359007235045957
-1169290112139756699
-1165270012149051400
-1160120543173794397
-1159732539950238625
-1154550202168963326
-1154011277213590650
-1148499927864385472
-1146450232388045066
-1145837293818628541
-1139424035072933220
-1138531229696200684
-1134184753423234321
-1132227254148890885
-1131039256903518535
-1129446979960411184
-1128411196308230988
-1126508837993892500
-1124274143874785437
-1124259408127092426
-1122828469127018237
-1122570864144647886
-1119049193687814032
-1118984833820286570
-1115716823702135473
-1107558090281495517
-1107206612730653947
-1105308999911910950
-1100353296151660030
-1099925384349374340
-1097748035739171716
-1095997847101625621
-1093617834879944046
-1093568106715273299
-1093196761163774849
-1092904137728024347
-1091815305969150071
-1090850399476706381
-1089994288964154937
-1083446058120457322
-1083332458543114476
-1080922591528641071
-1079651363445788285
-1076633873105657411
-1076376606443507292
-1076015344109055396
-1075385983438372598
-1074470966934544124
-1074107330735421768
-1072324968788136316
-1071868414369150097
-1071287364275637148
-1065988498060101387
-1065455248293340084
-1063258819761878920
-1061581516135738482
-1061099603461269330
-1058776230015889048
-1057722954493300410
-1056087189079101409
-1054114463149816439
-1048764910200473513
-1048174662957297110
-1044026676605467628
-1044009039152336787
-1044001013858355000
-1042895551075504851
-1042709130005176139
-1042030146229595855
-1035679843232981485
-1034572293647638843
-1034303794400934331
-1032364250241470813
-1031857231000645890
-1030442247082023231
-1029957291897498839
-1028163680931581979
-1027638253102565559
-1026960562892522928
-1020972505892830928
-1020778838549863978
-1018482127135360974
-1018202853572024215
-1012982421598627662
-1010545988926513513
-1009349993413634884
-1007577989383493810
-1007174512885140258
-1006427103756768027
-1003949971330908281
-1001794031842743911
-1000172453707158648
-999295873711629824
-997741407270974982
-995957231494930343
-995612550855068559
-991218448806249698
-989982725225500053
-987010928588484322
-983970375722292803
-983952957798325193
-983262042740422491
-983184482311561565
-975915278711963355
-975655419098252263
-974854775575338308
-971374377163774706
-967670064690673681
-963370194479329375
-963000434799769735
-955448772933096193
-950039617352448458
-949437488873271077
-946905300310148200
-943522333727509430
-943131084122465831
-942710556619139513
-939435470683613685
-939005820842396857
-935728501901973407
-933355928631768208
-932934588616459891
-929390999443483479
-929305503601626297
-918190454238487611
-914589163698735674
-912474133202105135
-912053012595145727
-910894251639020461
-909119881257172518
-907789850041544790
-899654120577628738
-893791657518144416
-893072587558900181
-892497557599939443
-891996101052039905
-888741981569845998
-882475323138599238
-880323628083538957
-879342432697523202
-878597443306423617
-876606822144107856
-874649930314362070
-874035576473202945
-873909600681122408
-872695409018531041
-872358280157854696
-872244693750735041
-868438911216253289
-867989185818104359
-864875822733726576
-863317697128189412
-856662095280892268
-855590180827379374
-853793287073094909
-852120784382674912
-851856929370565423
-851300262969836680
-850935446382910289
-850074788803371942
-849022467817802533
-848704313475126071
-848473560799683259
-848304313903261479
-847959973266333978
-845176272603544989
-844375714295081106
-844152758488416729
-844091614907254022
-837206742174117036
-837107252384162579
-836495635233972668
-835318848654257924
-834690414515870974
-832734358136267282
-831070919477571656
-831000480599364578
-827771414916618707
-824052288552146534
-819386520157254079
-816238529145745884
-812291922846121270
-808955765764157284
-806218398776479300
-804021857223958900
-803685843113488348
-801669202295382925
-797628442631421235
-796912790624510358
-792832961281561924
-792778972709667289
-792386437237977732
-791904749888341085
-791180768736189755
-785667826896556388
-783689859279813505
-783460177072113788
-779650170313448135
-779351177850632214
-779150666403885145
-776386220434618287
-772738733686863822
-770261187782777120
-769959082809438350
-765683846907679515
-761898072244616571
-761320300114264189
-760470200468625514
-758572469721077091
-753746308744641373
-753406343050507959
-753071659330185963
-751280815364883491
-751224547806040151
-743780987470110344
-743741413761916613
-743736452064942865
-743125394590190500
-742897273650398507
-740095862710708119
-739237277659579207
-738415364989808667
-737342241465747081
-737134223785880307
-735162390700682755
-735054393816353420
-734530287041995773
-727715529705291772
-727056581145358820
-726377858518603533
-723034827117959903
-721594787035012788
-719903029357564825
-718540727691088976
-714337420957627828
-711070531246505623
-701841421639001377
-699975846877065031
-697550797698097666
-695981811073746826
-695864817046791789
-695725613771253630
-694595720237888572
-694053674379410014
-693605300969325569
-689216206743971631
-688767947679512430
-683007583830713667
-681626398826273065
-680694391316128859
-680564634272275598
-680387831023396016
-679741528786738077
-678811828915065929
-677942325780063040
-675922846517881247
-665943635093675746
-662766767712581146
-660641454380989593
-657939049639344586
-657009910020980277
-656941450319904804
-651346084615506091
-649846082202109518
-649711109866231746
-648452727768455041
-647755901549254800
-647476410076841261
-646403439104399537
-644378276110955304
-643873258243071115
-641612570453803393
-639487542384293638
-635883711986586578
-634855837797556752
-633056244453832688
-630729672440282995
-630293796950972717
-626821307678076823
-625419138395416435
-619146113365507024
-615560618141353702
-615042774085676909
-612295322399826341
-612150551836108281
-609972656229188776
-606814219911557195
-606278705486068666
-602269413853092329
-596220438079037470
-596167612965109525
-595539113256551768
-593229787461044282
-589389096326769304
-588004703261803855
-587044318370148480
-586954370036355910
-578143390895696017
-575475169269965178
-574882601529205457
-573636287579686081
-572666381575008033
-571839210990115763
-571098870918407324
-566940824582949477
-566371202116876360
-565911084564132840
-561315489803733905
-560417068935481994
-559906722604416270
-559084985181788480
-558745078251956467
-558492851606919818
-554198945152243487
-554002426870431897
-553304335427566904
-553285053596373930
-552817135976448861
-550271722825239919
-547560179276123253
-543791690529374890
-542193254584739042
-541534843398326881
-540395955223342918
-539245306173597876
-538779960200139833
-538004381716404453
-537095090965248786
-536486065969896127
-536330893550660662
-534484321344388224
-532317765693371152
-529049935314190230
-528522633398358543
-527314702748530578
-527171178942213992
-524776205816104689
-522999556492824447
-520685333834219880
-519603559151004026
-513629981233790652
-513095211976875755
-511096931296405777
-510361857858559801
-510080997625609138
-509015191985793339
-507790379709057865
-507353968787871923
-506602352747815791
-506268489359254889
-505866830385160636
-504904619961087641
-501300271749597133
-500421465410371163
-499894334291404726
-494122077193204846
-493330017451665266
-492682572859451145
-492487759753422589
-490002310483612094
-489548881140065649
-489446243681336076
-485455386490728639
-483930820975731808
-474678791842478971
-474645179709323694
-470838014238692412
-469579397402520636
-467363209127142616
-466445326330252521
-464407585388529541
-464109293313522018
-462951511061280741
-458908140216958122
-458050827841399719
-457749635344323940
-456466562186075165
-455413508947123238
-451474466900475879
-451167159276643026
-449262107643646672
-448750488336073289
-445381679534855855
-444268089607096729
-435943926878150802
-434859277046085042
-433141797326190698
-432562738357084515
-430970408649983161
-424587741159719582
-422077348760666511
-419955925427227685
-418228859685021355
-416456357560509054
-416112384039309638
-413906334040820879
-413879533670430685
-411265451841003397
-409983638119585284
-407171686063566311
-406046857159726434
-404807049071624453
-404632826140412529
-401123866854968244
-397873793052018495
-397129022092440035
-395837620640922928
-390827649497833303
-389018686669930146
-387125889935787150
-386883202074146055
-386600642635610674
-385014792150588108
-382998724117086542
-382696452367057920
-374985272014608364
-373978107274351839
-373474521416554715
-372424335257541455
-372397810949008941
-370000585560970601
-369083078427311281
-368746750225791938
-363070674605444918
-362753419319093342
-361282072920315607
-360705326956295823
-360409344794286121
-360053689119592166
-350355398474765041
-349788976790579431
-347403183583611434
-347126440038014832
-343921145387314486
-343539907425645655
-341538614155371546
-336414346025589783
-333478384943712458
-330717852835113649
-327248810986084134
-321144792295225260
-320487206392708987
-316745399381419264
-315145612724144484
-313887564261792942
-313843415449618587
-313427772056657820
-313277205521031041
-311210141838683672
-308742946813637561
-306343649963171252
-304829343378906881
-298329723568775959
-291542357665877388
-290765289035813927
-288623787227615383
-288092874358491354
-285958627309677347
-284812619523879782
-283006549720905159
-281516604927919285
-279092818202890686
-278510295770024517
-275772791711606200
-272933782488865547
-268104378582218969
-267927331524323129
-267565780364521984
-265526414048144151
-264442078123622862
-259705078823110889
-255797221979668878
-255462075417442276
-253566184724019325
-250650024248426794
-250425246958452620
-250183526671815538
-250130314594914443
-247391366032880485
-244712282957046028
-244247250275374754
-243143905986686340
-242729784517274726
-241992670352614431
-241975856921781699
-241341394585523144
-240314451898095932
-238451194003109483
-238205902139121701
-237842512575970123
-237682073881824884
-237458689558622915
-235872961623067570
-228247918131598078
-228076299707410472
-226587600282278162
-226392100748836231
-225699641778194462
-223460852352091994
-218134440685582342
-216100342016603902
-207243601645745683
-203485984985779014
-197844639605658026
-192429573832586354
-191629691916545895
-189999735167305623
-188391064443228199
-184587513589382403
-175949456617481218
-174584770074562060
-172420574022581415
-172138299108474631
-171667376796833237
-170414310556679171
-170031678564151887
-169217339154494877
-167810039662805689
-164498397628543961
-164279955844416329
-159955670393662493
-159859539101061001
-159606658318417580
-158331063062597065
-157388533663762197
-155452824626849046
-152351521596353883
-150679743784628846
-149673660982399996
-147954058194993915
-146131366281313758
-143807123220758853
-142427017164845848
-141621740586198210
-139206584082989298
-137566724589099602
-137229758322625957
-136405672384265711
-131163755042022469
-130569144352462263
-130113719751025857
-129813001770239729
-128373905551283166
-126521996344559833
-123420702024922358
-122853582465777020
-120228169028756572
-115536501424418759
-115125764375237524
-111081765252125546
-110985953915863780
-110264994137103533
-109534192973075838
-108520568346763794
-107789539921163378
-107402788072544876
-105118424519336175
-97736191520418767
-96499962044637239
-93050033924990975
-92936309889302145
-91346977022265855
-89289739301901207
-88770791453864941
-85856734986541497
-75059049228266949
-74619794529841990
-71703719441344149
-65360850552440809
-65326134319458882
-64174866421817679
-53029128309775481
-52482740615459294
-48613727984843134
-42965495822926745
-41930717180577897
-40373783448126832
-39680515436867743
-36621886131843053
-33974955857261837
-33930874495051523
-33257133912064337
-30396762821511678
-29575105424439423
-27281878991038825
-23517774472471874
-22147514812788117
-21845588769866017
-18184595407898631
-17215440366352500
-15207782762936365
-10720929842226910
-6570770869364772
-5474906472923038
-4429764269626665
-764235698477883
1742278086383482
4593481070911253
5989508316274919
10563094748410683
12585572574522333
14951498274798531
15160654264191227
17957928088469234
18856141135808034
20862044798950480
22326388223639293
23262621019964778
28820924653876338
29521540753892362
29699367027956692
30055284628784278
37869283569208588
38746165472507889
40408973320446655
42849902066651338
43108520211637818
44000809251763454
44001214125976378
45758053766823339
47202033871473987
50191238639544544
51976112216192548
52575175299622082
52589487392666630
57954156041223292
58026222564110826
58091535097115367
58678314464191833
62418848811830007
67008364767832525
67414031867778639
70375023394333741
73169843107123493
74364713510796214
77620220414231809
79843676447610655
80106243256736395
83470165317414595
85900920665837455
89311352610535742
90611402338560807
91693332916431628
92368326972099530
92456292886341519
93341129155333342
94758813766659564
95117971431706672
96748020272306281
97009979752411682
97415093075032064
99143106606251275
102475052851167610
104695233349364184
108820015808656800
111304169595032154
112367566816750617
112484941501182729
113223945229239940
117135318826698088
117424882066804925
117660037488379538
119239693973452434
125021491513903067
125797104003697470
126297938726069364
127578457885104969
130881034342470217
132421568561716018
132556096935672025
133147962573731749
133170645969714504
135178948427599388
136689709029404769
140878708027382904
141858074261204343
144691414480478485
148190139498221116
148925467066760306
149613622462376708
151352489335496915
151848587256422495
153146420611499508
158107497365929976
159181366884879667
160178605660233231
160430480518783498
161816651881775901
163005409747947284
163157426408042178
163402862135559557
163811572559837475
164858200479456435
177249788608379083
179987385411673473
180806421363579863
182796043566983206
182949862962492438
189003942261447156
189105461706895694
194764659791894538
195852814309970512
197514748037424366
198952714011217979
201298895425619140
202240727253362417
203211795265946913
204146517534060357
206026353384173374
206841751059095237
210264674609728203
211238259686356658
214817611906047124
215394929299641412
216997840359079144
219617215514550210
219652869265356293
222647787138791668
223194091124813530
225913637004790020
228260530920350393
229385544976024997
232670972610156282
233345787640650040
233420300973250452
233763917399146828
235400973293556236
235942108704522749
238099614803571643
239621612817133846
240590062259013652
240787013192866671
240805030629195974
240908012226397571
241507673453433788
244128740199983359
246610792154775815
248303821610882501
249290750474297842
250240070317097845
251646360409354081
251812538828962270
252761476247441830
253968866601456759
259718079053988130
264057427335000165
264112587198653004
265626659349946853
266628852807248462
267356215500621939
269469651472338991
272214839656110543
275065903456476740
277655999089747539
278665546898759617
282065002310834775
283967441789391376
290587493806321514
291485815238950059
292602331487554390
296739286051076174
296836217163234139
298419730547202519
298888837244968255
298917299174247534
299295916235605598
299799764549584145
302463701140666621
303129632942721491
312108654000308487
314916882234404157
316221961591536920
318104166344615294
321866732817115226
324637314227916570
328440326781025902
331156596075737414
333194263047013083
333730660925128145
333770075744006703
334885665555111949
337699657206665483
340672685606278613
340720718105306757
341515337702863824
341540244002738092
341817154776440283
345947375422663398
346779935528136932
347831871872292957
348214666635871554
348818495045423495
352850932468790182
353146481466968031
354038821288526467
359618236474537690
360293390470086522
362434457444879029
362645379622724643
363152326245176726
364175836618602893
364495570817834689
365564459240433520
366111434799517999
367364934180261543
371828844250245703
373228452028308155
374802464474456030
375272798758239770
379039709166899591
381355112284108851
386489668528627474
386714859729140896
386987587245568470
388007295346224418
388311710554961949
390972809317177607
391893483201452566
392613144583477561
392689905982693655
396179005178233166
396804473346117028
396860020807772669
397773730917788301
398361816798514700
400898509807334969
401038075483329588
401670554758706107
405084498732044095
408801633444173749
409068023812969032
413109486404424446
413438457340795577
418681320157440608
419806775876605031
423412683017998024
425845262006077171
427063593570738901
427895152166876113
428389528943441986
429483436843119194
431262091416060826
433845399395914748
439161811062716056
440613577939870503
441886938981476093
444096815450348251
448730332518105010
453518585935180007
453919568220753331
455522267856906703
458506218353761497
458642892976580199
458873720840852778
461362229876303285
462038180577898191
463457144078295394
463902561588201314
465244516821600833
467858748545483098
472539287916960945
473651050448411092
477849999657256830
492385620730377173
492572939581592339
492702610202076460
493346297660271741
493647013284881388
493887846183640491
499370180865930350
499606277131396321
501405317805248809
502392143178431457
504269523162133421
506594376390162321
512343833434898345
517621532615095864
517832575255303631
521522739547500563
522703343611550480
522842830657654572
524567228788979778
524616484529809496
526542066455667076
531064093187940375
531347671017523476
531745317201316076
534020508723244547
537803601426354000
538158758102416806
539382142179476416
540665538703135356
542052585039807464
544913317888908082
546089748616713632
549360732010818637
551567603334587906
556845426000189679
559864274831049067
562744718534773467
563964889204677984
564075333524628495
566842714544584938
568572643336683943
568984206633515201
572411521031045031
574084609856315037
574433344546332435
580106103366573624
580475484444663677
581721574857893716
582005048978562231
582893161318562568
583424859910188981
583976071858049943
585711454369067412
588853374753818690
589562600448475954
590294190037536216
591010820042357985
593222495026746585
593387067834008363
595514720204393875
597198425682187823
597833017741465071
598549620547058204
598869215148816591
604636406705865368
605195012779511170
605630344484933127
607373311525401820
608831539173294136
609337563441458152
611083668728184695
611463570687558710
611575064260059274
613966148010030238
615412034610731181
617132711979417986
618399371329867514
623619982949235658
624797387462836053
625320660402571495
630263586399188687
630449898391276237
632579504047308247
634845185649990645
639112465894340753
641304529140901804
642051790810793282
644384063888735352
644947136620540063
645083695475665611
647768553597855702
652904128744961572
653017933501143183
653258287976552015
658986221163982496
660621137035739622
661860824261897993
662651383420099909
671904569823057042
672526298631344441
673787913947695854
676620447295918878
676659537404147874
677148641976357084
678503740656358352
679412416728211200
680653518222271484
683299094303998063
688189407827220551
692422110415225686
693308352907667152
693696628456793695
695898723218112130
696365538742818852
696698962545622017
698340511746490848
698781654664065488
701980832205076738
703180373414144259
712691334622623714
713804496086592094
715460969125587236
716097416699165805
716632618324449502
717832264479323164
720519862243132305
722872336770699065
723983668297304007
724132040842458960
729556444728018163
732062799216432939
733367712433866986
734328421557304516
734628235723476657
735460120159660112
738758603914368689
739875733662489762
739972670372537421
740943050371608211
740991366266143849
743086816103509076
744430706795304336
744930214280655231
746263101305119090
747573487631150417
748414458537935566
749416749285440101
749892839922806130
753765162753114179
757449395205591433
758431993915330543
759610117668118886
760568781304864345
761595820578229061
762989311075461809
763502616211126054
764118314756877640
766667607639907485
773219907440532775
777199363827715813
778113318839368487
779933362552089635
780345430540997974
782491471517486578
782631171464423839
783400228364189486
785164514175972470
793647871261361836
793955904713793340
795268029756057622
797226279692898364
799404877918114378
800087552944931974
803247242848914825
803369502354760294
807259692523278212
807698266738303312
809749415043660918
810607644928363810
812678746909685046
818793680481939623
821691721476666759
822602736344280289
828156748557814337
828465883155312676
828504492623372299
831340617335752186
833129677458627539
833809575613930344
836906582118055403
838827940664087280
842923289193154784
842999224388563115
847680720962018074
850660096738829072
852559142682032794
854593977826642953
855086562120712649
858327877615830750
859783659165982876
862160201491221489
862221507333163085
862566585831629758
863786633974672312
867732158467389478
868506053924902043
868732009490963268
869321886689312343
870616367753106971
870628191733105169
870634263497232347
872112171369687512
873119375889208884
873673824337316766
874983765277994101
875238248733828450
877538294774769779
877883739635609987
879410220988503853
879554648989744043
882647594779314311
885302414688316031
888345961537164184
889210568087171736
889824445613587742
892236980814763859
898270442019357151
898666491546851821
902101010397632059
906566295601392960
908750354022246571
910044547759207381
910506652546794880
916183671750455071
918903612876346531
924258590283417660
924940023860808762
929559164575246195
930391050081717557
931253411247740109
933347235914928022
939444153530103459
941214751771830263
942014956655550998
942330440777319390
943412306450934044
947484412735245500
954835338395873682
958881621349573787
959715651462750800
961126556594345582
962815244333903737
965107650961212471
966774506381933618
966913643073629486
968871036342142618
975059400067188727
977059979121424406
979206956679621741
979377659997126245
981278942886310206
983481816454076306
983544050847977366
983936059813665829
984110904443685482
991393847851650328
993016252700545302
998631422523392777
999089323910164529
1003540049060237089
1005691931544582333
1008140700247548870
1010811888707393449
1012602977908603217
1012623722216476691
1016319136735542071
1017342007977989765
1017830750881404397
1019523338380321383
1020182403169774387
1020674721996746425
1020693572086449806
1021728116030762710
1023773823240005938
1023800623901485884
1023881864687936540
1024421220662725729
1026490588221767259
1027177805775113953
1027659628842284763
1029711077331053387
1030907585979200945
1031954986272249562
1032911059811713153
1033311329679056186
1034449980204924654
1035097568594512522
1035933448812794016
1037668090092210413
1037730690596646199
1038400419343429715
1039378591687002889
1040529125986564031
1040727397515216808
1042181543651716487
1042240001034671904
1042543497939965968
1048152517056075747
1050557041221063291
1051125767715850599
1051913979684972461
1053332984013695718
1053393102647686933
1054673815187645384
1055258291325170840
1057063458194652169
1060618751869328595
1060970210083643693
1061074682279418340
1061506036713723464
1065875810345483226
1068503223860888455
1071848099657216433
1076537218684276294
1077979514475597306
1078703104630035689
1078882213071217480
1079766141827145335
1081413472011349749
1081635409405984730
1084666480462552492
1087075266351020825
1087575632711026543
1089460231018013012
1090223608449475984
1094980296252114984
1096153298758780235
1097134979763550631
1098080697128317388
1107125813213879798
1113279071518154654
1119187680629030536
1120608778845735078
1121401596955232743
1126462093876549425
1130542912962995496
1133718488929952761
1134941347018714750
1137575867487989293
1137609229340779741
1138323644608742266
1139091756511227635
1141663122578453943
1142025211096014229
1142570101649148563
1144382069648865576
1146957195029265409
1152895644423301785
1156365467847190953
1156687807412313919
1157724797476840058
1160329636888312574
1166184824860017571
1166576013395604824
1168919956135562999
1169207035372569949
1169421439777252205
1169528203360290503
1171002137411587342
1171405856575723922
1172829381880897863
1173251897352754550
1175421075664970110
1175681054514796002
1175734611847607656
1176322772025285783
1177399065145876967
1178153438836852509
1179097131516781657
1179538204385153406
1181368435329864416
1181508040416496686
1183567561118310146
1184390855378530221
1186384484552611418
1186942981136855719
1187908050582808572
1188501807765103650
1194346190458306445
1195677481477839237
1197233533090793483
1197296927706714614
1197740003674969563
1199590101772380947
1200781867045569863
1203441910155234460
1203852345207029522
1207173536443450546
1211479535732702424
1212362045447457693
1215727292637981094
1216650705881481287
1222702328387824982
1224855842023683839
1226094500285498802
1227381088973875604
1228413353191021259
1228997325933301799
1232368642862763550
1232483095567597604
1233139151430256392
1233736090292118307
1234650383770652185
1237081380615703270
1237443809630058582
1239604313456333883
1243134323472885275
1244651063664199821
1245082012638027168
1248402111852265671
1248445563624696456
1252141134654436444
1253060928496362035
1254183589629381528
1254205859215430538
1256539015140208114
1256706102972608348
1258263500995821492
1261285978918446576
1261402521428261255
1262482000083665096
1264671653754096799
1264680064615646829
1267204917807758584
1268412075489547348
1272167106915746015
1272377391984138586
1274023002510538781
1274137502884949371
1279858719479782005
1280264826925924880
1283400297753363474
1285208087764862778
1285591977074553340
1287412787419549460
1289795607020720871
1291487055669884070
1291511190256050883
1295033386720349111
1295068495604680171
1295917310823844983
1300668530967865726
1301631711942201425
1301686889422218129
1302165298410214641
1303423784394033387
1306305997487596781
1308673567777176836
1308830865001574704
1310918178793715121
1317240836654289823
1317677866269713032
1318772407309880386
1322589956460342955
1322855821740560522
1323646543484310966
1323991330035099449
1324858718645213428
1326320711577253034
1326399790660362966
1330150522886292667
1331217517923529057
1332334077593992731
1333954476758707965
1334298804452931054
1336919867896044945
1337885808302963628
1338443684178436775
1339935262274769575
1341712522952419699
1344871051773428376
1346066225177749708
1351620235950946974
1353940287124430863
1355942439280889208
1356994385261374902
1360651001819154300
1361077914194650332
1364018830963404843
1364447858402852160
1368487043230792214
1370534130537307893
1372916569846907757
1373351158127072935
1373397936608630383
1374821224074904031
1377033206923525350
1378074846779447642
1381168140869525607
1381672273989275017
1381702915028221297
1384075635879879184
1384503514207948388
1395131318562190502
1395511993494951414
1396644134925766748
1398823502298943012
1399606423324781070
1400168243013034612
1401688441222311525
1403261145112987485
1403445893501280007
1405280720932425162
1406950193984919509
1409546381804505659
1409645390942690398
1410087483751580250
1414885105890399668
1416713531595038199
1420780031883921264
1422134800066158696
1424723646169967653
1424854775153383756
1425382679620672676
1425568008063253697
1425597420773748762
1425797963083848925
1426836720937610900
1427560772093486961
1428496998164990501
1429587266706356908
1431042702386597466
1432487385889195516
1436126257930424973
1439044895188876228
1441252771902545815
1444561419574797781
1447233965269242925
1449284903997693562
1451884609028663824
1455553764317083541
1456894699411236717
1460886848237743457
1461148114638056307
1462211381619219542
1465860711672727968
1467335060139226919
1467899448287732537
1471898579065031996
1472332708565281717
1474157155104101170
1477374714930203678
1478390835994354878
1479216752520716532
1480279613205890247
1481877142206521030
1482242759858174694
1482487708487624121
1485424794365552768
1488636011054562581
1492300235306519417
1493264928639604271
1493346207440606803
1494292297498722954
1495023151753045421
1495839538558653337
1496054311596411624
1496088278473180273
1497242412017409528
1498338672031542140
1502246483986549233
1502292830490135336
1503086845199732320
1503679580127141919
1505013695976544063
1505437930841762927
1505481961596586277
1507519436493958639
1511021366737603666
1515097109987056138
1517531815444721667
1517654610578634729
1518899247639304292
1518971190078015629
1521634279324728240
1522158404478847028
1523093173083466857
1525784868468305671
1526684745297213845
1528473260151011268
1533850816798390352
1535453849778941712
1537703140346580013
1539923751460685370
1540517392793819859
1541370676343555844
1541497636018332207
1543057605267013388
1545813537392002970
1546691356138427504
1549854849177039357
1550231292277203385
1552938174192724676
1555645321736565989
1557579177344268343
1559022240349905307
1562243457889249085
1571370830754661868
1571944479934609270
1571975119532100905
1574382048959282006
1577288624516266584
1577925873117637049
1578989582936181804
1584462323595106715
1586377577723879988
1588567504479403861
1590359078143359058
1591802664574653660
1591992529187253892
1594289208267837314
1595675493613067328
1595962326636982204
1597554419256303212
1603326824875434854
1608738700028754733
1610673360151397878
1614234696189752240
1615204829592825878
1615640018021966265
1618645540518150243
1619502147817050287
1621995023976425240
1624141556310620227
1627567219123935504
1633936009290169600
1634456738476143506
1635561623105004398
1637974859623027865
1641332789721812743
1642981934356797059
1643831940504642285
1647149605423075841
1649716183291517565
1650296407682389616
1650869822295235837
1651963832153995316
1654453615271970831
1661627790811600875
1670728591286631447
1674497675551865037
1674746235456391168
1678105469517646310
1680018130975595589
1680401054173950153
1681884877194278446
1683064048788297838
1685617163300182626
1687409036226318321
1687776192460538820
1691499181772558802
1692620452009778498
1696553218172085225
1697244000879527163
1699912374457602731
1700493956030346479
1700566003467249130
1700740161736078847
1701532774486214158
1701723936543293603
1705476378916705919
1705802125939163512
1706279797610933236
1707472242188032716
1710653509912873958
1710682070737086639
1711729359523239841
1711822558124520563
1712181697127762293
1714046974147633373
1714653239760500798
1718119947548577946
1718311029109941598
1724452053417288917
1728191823578123142
1729412493252986331
1730012390625576391
1730576029134624199
1731709060273112508
1732553157965271913
1735685956653134092
1736478870162904688
1736612504248205999
1737364884637815809
1738629338950566781
1739752409024994849
1740045495116873898
1741170147659289480
1746675322947454706
1747043659097540896
1747593855728348566
1749470692198530615
1749667737479034208
1750276672578997142
1751403789495444702
1752535149079607301
1753902791030540535
1761961235230784834
1764559167136800134
1766732152407423818
1767061784682170657
1768570633729942192
1770912525621682646
1774069684673865019
1779327198123200245
1780249342557955544
1784250472126809517
1788389395060505824
1792820404282215231
1796769953158821595
1797877036432522740
1799807018254314607
1801963950704007181
1809698529220316957
1811934169976278920
1815883052439504529
1821545877740386280
1827910240104806621
1828499629797553976
1831244100810782290
1831342257792525890
1833729624690784562
1835359187177554023
1836841097883165440
1837585248108360853
1839669866335391989
1839860742485251221
1840445415520933950
1840523732072756205
1842176605904194526
1842407980091080528
1842891451149082962
1848123927257544903
1852516031859160252
1854978368386220435
1855232127430774350
1857864714938776274
1862133883969686584
1864592725280384801
1866875805048460606
1867805973837616740
1868835818702758655
1870239432709425152
1870421240247360361
1871862900753810579
1875528486033855825
1877497638893212817
1878115823160847870
1878433327110735571
1878444999321684307
1878731217638357196
1878854358609520394
1880283403742038939
1881475578856835391
1882652300385840451
1882733514309645653
1885068140933307272
1886970278333644479
1886986836086307700
1893663247338449919
1900307400073187424
1902091201938816190
1904458648791964830
1905867376842410200
1908406634360343929
1911101241461919670
1914601687693048903
1915495685636204678
1917576054558888177
1918137875348655159
1919219906390946100
1920957295814888441
1921521356792321755
1929467235590436353
1930209512538540027
1931230666375979974
1931801112510659332
1932033890007652934
1934470278644861900
1934946872130681356
1937352711438519798
1937995265467893493
1938365616841691660
1938945109489279558
1940524394909847339
1941430324145900654
1942039478121207713
1942825647425641068
1943689929220255062
1944262099548111298
1946527262599051522
1947648908472544748
1949349975969233149
1951877485974580618
1953562184827158887
1954997725237360723
1956662935826320936
1957505012691798827
1957800424061481400
1959764717335845805
1962782509385535360
1963172966104040678
1963380318051927560
1971319628581958160
1972503320873035081
1973716242701881263
1974227261694664938
1977343277074600200
1978875209018611667
1980040656738636430
1985089190737865871
1985098584396118742
1986166403530919306
1987165781214234433
1988066550521630559
1988079957277994332
1989665211370142414
1990136840312978058
1992790995954976358
1993141759034683513
1993339189647749244
1993895002728165085
1994043028813291906
1994228272841078418
1995928427966235606
1997066388167416335
2004137985016355577
2004627331938632109
2006068352209275951
2006454065475592578
2007170491097232700
2009757204284120181
2011279276373926653
2014451660278814781
2016615533919853981
2018168554891841095
2018617342221107287
2020836713191404960
2022903093519085472
2023626970148639983
2024903747775106188
2027884626880329018
2029037973762635649
2031368754127693324
2033851245357968840
2037270121061191224
2042359999071590971
2043366077591989180
2044311507812372819
2046029301702596681
2050068875992907954
2051998146222194921
2054908467738373250
2055642455406202721
2058226345498063059
2058599177014185872
2061752642065306274
2061962622968252868
2062330027079691643
2062874401069104165
2067550508906567447
2067697866730677085
2069111330891993460
2073074904883493430
2073320442733666642
2079380921727315399
2081362766055522280
2081453850402004664
2083008202477485652
2086034867304731115
2086253154252139105
2087965685458536316
2088739020367098908
2088800457750575734
2091378595930318729
2092637522362012502
2092847076213733676
2096142694286420838
2096362424988409744
2098563124476611113
2099626307366658555
2101031558370641544
2101378300214958824
2106055799705116282
2106261294760898880
2111524314091623154
2115171461920987079
2118345866056323544
2119130620652315840
2120213604220131696
2124169281347475427
2126221396474370616
2126950209764284316
2132738543014072251
2133965260112206876
2134962892385613163
2135114685302864339
2136142666473449331
2139305792028290081
2146486307185233119
2153536830260389757
2155085113067185453
2158665424420151034
2160593495284908326
2161727876318665591
2162776794315350884
2164164725167250702
2165065918638142524
2170878610666482298
2173587307913898000
2173874518482089987
2177875642051643643
2178935844902319998
2179669250838720631
2179719305303104147
2180191859764745886
2180759562659276302
2180952527086423328
2184467217620740367
2186116580724159062
2189016729800085258
2191040571549108727
2193062084936628296
2193642558838511439
2195323769196588939
2198891625656763920
2200191628643866127
2204357095822192958
2210584485259321346
2210871509501010574
2211078523600495539
2212756674112058817
2214124107919363673
2219451827153539759
2220485990998759803
2220511648319377190
2230645178382899263
2235764533215784347
2239534695866082319
2241358205821333456
2241917555296837663
2242115528760631988
2243922609920017252
2245837099894821297
2247259431813857756
2248102677360419533
2250429933245298086
2251665805914377743
2251960321031759396
2252209577390263372
2252505536997047952
2253860269251711985
2256020224408719694
2256510161145625191
2258727259283826628
2265209573896100782
2265921496756605999
2266469530266346222
2268743494822955712
2276002142833229079
2280409421304862789
2288774764142350097
2291284550852406182
2291994525738740203
2292743017867125658
2297470502942123134
2297875951863639677
2298238512665991408
2298331259628812943
2306904749905608122
2309735774214635634
2309851996298178549
2311545902556574006
2313143554591703169
2315157962268095960
2326999028610173793
2328140285556478023
2329183143158496159
2331238733892515234
2340533450805232941
2340698153806842436
2340739861452348808
2343277245790723231
2344512770836765094
2344568550363887782
2347526276680816316
2349676711637459738
2350623441387171715
2354295727531824751
2357461517957629746
2358308807605273932
2359469655354104607
2360777955333109286
2361988496753299523
2362184331628379795
2362894559126346035
2363259747938298551
2363842331876063330
2365765683316016018
2371893683635342579
2376058525538934600
2378151115982692826
2379305894199233703
2386175501432098083
2390951180991541980
2392480977619225730
2396759691920252877
2396966902130892478
2398935759838803373
2399374486649626137
2399863538499626790
2402173616440659562
2404570879454567233
2404649511883140758
2405446596524693557
2410489824581803227
2410855858053413772
2412165694335628359
2416695046872126019
2417559711636164532
2419400458276634805
2420751821349922991
2422265564388310182
2422848542522982901
2424367462816088108
2428652802729742410
2430184695054324656
2433459627293605353
2434554683261473487
2434919162372311522
2434974586577153098
2441460429523325277
2441513572268231305
2441573185201242343
2444435311707688634
2451455782422852469
2452549669155593680
2452824413850087314
2453763106228511876
2453968086455243299
2457468019449414924
2458262605280917725
2459965845085325989
2461855204939277646
2463062506941227112
2464112819936093347
2466087889507997712
2467450542165151804
2468714761062557372
2471260640886500972
2473795840448797304
2474357964505706795
2475864770898560262
2480560526283321880
2481646967911260349
2481729019651151496
2482219926836126847
2483847935186756233
2489273684976823035
2490299394163177567
2491743279929315972
2492585940041670278
2492665249399043911
2492996350635816863
2493267264878826351
2494218936037487361
2496759149403122123
2499367545235357425
2499719336841634463
2500863590195844351
2503355016171888743
2505404062003819442
2505762300065698426
2507080473754067040
2507747449150478669
2507789493171052408
2508623637335342374
2511478773991917897
2514930007819001478
2515745578943455723
2515861762672471760
2516793580234898199
2516964094557144623
2525808953520813089
2531174948531849389
2531200060368224359
2533011355476318062
2533889239573542621
2536548800152537505
2538026415776539025
2539770670670510548
2541114468057773125
2547803260262457621
2551136733801408647
2557370894353244752
2559320097103288605
2562742632743185083
2564475485915405002
2564948781399163439
2566040244314393252
2566483910898700962
2567387304206167914
2567438893662029961
2568510706412116242
2572293594339012537
2572792307102256547
2579475362094627472
2580740743263305596
2582112766762399534
2584990427905027999
2585698945171367100
2587568826952398746
2588154846536529039
2588362297298717588
2590528923300804996
2590690575186749903
2591806529838062274
2593102033599662859
2595442767428473973
2602074983786582065
2602968551965366829
2604649192971827952
2608193540981008167
2610985585125780711
2613110819946714724
2614392464573841677
2614399171926880310
2614565815670132801
2621302865404287932
2621818420659446209
2629152222777336047
2630688515074240533
2631088496344597217
2632831603806467316
2636266761458798109
2637241300426959478
2638110103264676821
2638802940669225025
2642455905017145327
2646612164261026255
2651362904750760848
2656278018668742518
2656746081339370269
2656832159876964451
2658140297868642637
2659116656195340350
2662108980872183116
2662315707617081626
2665390215877586518
2672452056751975862
2672923496744007786
2673630453643702047
2673924944566268500
2676258494364223496
2676591890535972292
2677179515551924965
2679358158750520582
2680227385194971906
2680845379473498835
2683859167867474671
2686515840572949013
2687813228551483672
2688014646244824587
2690084198366984738
2690904561424683186
2690989251987830527
2691110315572369578
2691951473734113982
2692410945378840054
2694547382504270291
2695023881618194500
2695178795588593788
2697054956946765234
2697734372743321864
2701819697045829766
2702457658383934976
2705081594540032471
2706966214113650672
2708356744019529647
2710322880325675553
2710583681991679016
2711381533932604266
2712104038758653328
2712838950934555373
2714900126029446202
2715938968140628758
2717563722971292516
2717942157573076055
2718593940393335719
2719405047977615457
2719527119344615734
2719528369238378153
2721117606034824958
2721770692277526594
2722465016419919576
2723605727992045950
2725745499360765296
2731120985018026515
2731631805551361894
2732149610734331213
2735219966234836660
2736447701238432330
2737147444757480392
2739616449622618818
2744295519870215635
2744952368162229366
2748115698338692584
2749831006914726376
2751119996224081913
2751278298408129732
2753066344205700463
2755008044953302407
2756700685433339224
2756930313265092824
2759212988494778067
2760150744082301553
2761391590889938141
2766950288599848903
2771411250146610869
2772273261586219588
2774280185281568578
2776556031789109172
2777066547658386439
2777775414719591453
2777930301182574560
2780304770028301779
2781846953290891849
2782241863378804938
2783782998331434552
2788512534129595560
2788526204727711582
2788896770024829009
2790668666340389531
2792046839986516221
2795640343877297651
2800029511172966972
2802817672325455758
2803755511141868118
2804125729622613817
2804529340326784317
2809948836091197506
2811454399344839239
2813559352926756513
2816160430837835451
2817442875298146823
2819292678583367556
2819800047611353050
2822121647158660820
2825490981196877513
2826029452836166677
2832937331299818803
2833936323413565217
2834163900613277923
2834466343894096938
2835111429776434690
2841798636383622773
2845787185170547189
2846576617056028691
2848051567477791417
2850018910377042250
2852691542540773146
2853795686360782524
2854601623026980587
2857280906443114588
2858972388949255319
2859122121373173822
2859402120029268322
2859893150611135566
2862823920766389529
2867991383117047563
2871002412358889087
2873485073364572714
2874913665999798684
2874928496974659147
2876301724986413324
2877850972499241709
2879194134198643248
2879627754686112079
2879750694298454020
2888129891570179910
2890432878445454659
2890913146495924797
2893006351373715692
2893229427239975339
2894589008603907979
2896205341689531049
2897531033238792824
2897758020565232379
2902082772499070300
2903680186670326395
2906247492902542093
2909296356174710376
2911612259426343898
2914471602580981023
2914683077693526941
2916084614811375002
2917589100971734269
2921388069062488132
2923281834149172586
2925705624786516009
2926140163652299178
2926243621502489385
2927666011464808865
2927926711543209476
2930311746819234429
2930327810934703846
2930451097169811730
2931095008712176438
2931674577623569109
2931842248197770244
2931990760546750887
2933728335966876594
2937510564099799437
2939453327524250881
2942866769977499962
2942967987016703157
2943744967169540987
2948218124434583050
2951622070490656284
2952029230944503319
2954959828719216457
2960318613358563035
2961068877876436543
2962136222983178025
2965630461961568433
2966037455905757897
2966211832828262205
2966753476628436725
2969419442645188184
2970040739897162606
2971767579571637967
2973454683238653737
2974661949432154325
2981719762855361930
2983186578428267551
2983764616095107587
2985156346026138449
2986890480303212125
2989010519217851822
2990114283532049345
2990764160443168397
2991643397033411473
2996076056276469563
2999612766496735374
3000319849376614997
3000419186367294508
3002849167485904219
3003120627255322101
3005649929429360115
3011631978637005614
3012688068963166087
3013382428788351000
3014491783521884250
3016620726331317960
3016832788253858264
3024880705567433842
3025689014414171174
3026767666321912101
3027639439857027005
3029228480416527129
3033111967480833437
3033717940618994281
3036802327939297010
3038670061738532065
3045724160788741790
3050313350792825744
3053357584984717578
3053564820710777716
3053611842707367541
3057616622526725349
3060176687183076358
3065085850824661330
3066092367852966154
3066522125607871307
3066576805035177147
3068556774079060563
3070046398656683472
3070206216308358164
3072555647561493709
3075586561672008296
3075697470394657720
3079412327215460973
3081115101739837184
3081915457285533948
3082584252123154764
3091578139551899844
3094088892005440973
3095364497167369096
3095373655925913962
3103765607678752018
3104171075542343873
3110439678591787708
3110620907828549823
3111081690646475702
3111277577655786365
3111569399514769950
3119369564472372422
3120235279639376563
3120742077211811010
3121938335659945520
3122042498224900159
3123348794475459139
3123558958192857159
3127710664179144856
3130394537210197075
3131027305250296473
3132567360733962402
3137740664205434648
3141774394822843999
3142310955067879065
3142473290101926840
3143789928701478541
3143821137617096874
3144296383146359350
3145392547710087921
3145601014781992527
3147042411993196936
3150338922892084083
3152184777282386541
3159824196984394762
3163406693068184323
3170569598606532098
3170625881869929244
3170786111378634178
3171697178397233994
3172802119130207072
3173692493007604110
3173881876129650053
3178350682663204339
3179144314027716801
3181214456056625286
3181534148275081034
3186339675493019940
3186942768025104833
3188091162049485371
3188605561499229012
3191487505966070568
3196831256374379336
3198895544159684378
3200862514560660673
3201916208063637489
3202891957385589097
3204178378985958139
3208575076961505597
3209402774768168541
3210981515985409833
3211209823085640784
3213604841259814821
3214232486024610129
3214238272292259208
3215496014112614512
3217698232344309633
3220324220347473889
3222858647718995007
3223750330121892998
3225783686858015962
3227134689859448916
3227538866798256967
3232780263991585274
3237527648465744363
3237637215388212428
3237673799862358203
3244195507564532057
3250113293013991053
3250122691310584011
3254469899137136638
3256458507168601182
3258004198393470560
3259802924049892156
3260371237320703823
3263154229156477876
3264057011844556264
3266274117808046515
3269843416213549247
3273260446093449119
3275347463706812319
3275920145757585486
3277398440955774792
3278338240425785702
3280523489799641976
3282759149376040553
3287418941102768301
3287810010187742656
3288737234861490834
3288861077840747780
3290736720690357239
3291578611454894893
3292175580156738574
3295392767762614864
3296734330379323600
3299255739184297497
3299404257206570384
3300250484657899825
3300935557241026162
3303317886352975347
3308717338681310199
3310208283770881118
3310606893796493426
3312345438082217316
3314975231713660119
3318462066921136604
3328766332243839357
3331034710729814973
3333050520916458322
3333650560403300339
3335626862116460423
3341723370216699626
3341869392154227587
3342457414946553040
3346033942897764402
3349263471145307723
3349291887052109437
3349707300703493983
3353152692217475519
3353704178015953568
3354886244106217746
3355437014814897783
3359771398802229171
3360590872302873671
3361761621467999248
3368636027913578946
3370602686553888059
3370648610878468555
3374528699532572937
3378417826714071006
3380957335196993962
3382625497320268940
3384257280776853911
3388972375239129500
3391160591866823777
3396363426894595300
3398604118086864604
3399401976634639028
3400506977465737083
3402210864969404812
3402288828876761538
3406752836612902253
3409357783361638950
3410516397653235091
3417087576041439788
3417977222740548335
3418302456741972295
3423528889099453706
3424616765951291002
3433369461059662252
3434122149188474310
3436735475736493884
3437507261288145284
3441543189700918474
3445566858627191644
3445860538470594431
3446593879507600391
3447468433406348413
3448453497742574370
3448455449127387328
3450153965559473239
3452048207055091462
3454519771395065877
3454884604399324407
3456589520062609455
3457436990936529271
3467135810314814783
3467637525052001716
3468399593989609337
3468544681190880030
3469125248457688102
3469727154862479062
3470970051533495191
3475434342475617425
3477858379904916055
3478025102231749589
3480944685211814491
3482397769219416901
3487221176492759086
3488711117293839593
3492460490612426905
3492996259355499124
3493138723112671574
3493631091389367199
3494555873641624116
3495049818938555919
3495164124572949722
3498922602009228701
3502958615851320430
3510550766747086006
3511339517895399384
3511349082895935807
3512233794039248129
3513834518973885261
3517975421155213255
3518724012124869816
3519749076861119887
3521642410481117994
3526857238642271117
3527971363425101541
3534231131348171145
3535002756507352030
3535838008034291108
3537800490016018844
3538480230507589848
3538740421657709543
3541139822236632505
3542952572421239942
3544345548893314572
3544949286019344965
3545073112143023589
3546226891943850893
3547858577537265934
3551341927641744210
3552950963012493545
3553900092673361263
3556081822977774308
3564190320337948458
3565131653395874534
3566008771762002746
3567596378211469101
3569469526291042118
3573747588266618776
3574226572441603572
3574239925044355417
3574785280105969451
3574970145999602577
3575016012688295926
3575965415680027598
3581751844795555862
3584136877733894505
3585525815540014270
3586716187415420581
3588691552362314687
3590554146072312775
3591194941722542120
3592572042792781887
3592826186123089222
3595071424257951493
3598795537984403628
3599265272929910213
3599812270762449528
3602531930801347299
3603633132518847272
3605525112767360020
3606318053886108069
3606338197777264256
3613142725317144477
3615718772154372451
3619612540999002303
3619926654424279533
3623755042354501691
3624407761197039785
3626859654078914158
3627090332071888160
3635441598715495267
3636957918547121929
3637499076600927788
3641264516447762360
3642641489648061816
3643741716856456695
3645985514437457629
3646789214918092640
3648209666129380306
3648505732172465585
3650324731573804878
3650636256449971052
3651472352497254283
3651515944715116717
3653394592520830986
3653602092632853596
3656405696909061275
3657578068725344023
3658058327935690802
3658399531851100873
3662574440701644467
3663274103315626635
3663636390819798106
3664056515829225622
3664964719144503797
3665740325213066425
3666003841104712770
3671814828129711130
3678065410997041309
3679875141754345175
3681983942031911254
3682229143778700092
3682581801250233276
3682939398332110478
3687079442010707487
3689992056099152272
3690782002187349825
3693551419799750602
3694296440949676296
3698049476317752144
3699497945158359229
3701150443674669969
3703192539078417645
3703509538588332561
3704412502940462730
3704734930301151921
3708169344480824574
3709212504199204661
3712858093859591912
3713270310768823253
3716184323001814826
3716401594213521389
3717001542410429051
3717693054150470591
3717788992702222920
3719924342857142957
3720359650830007646
3720557006200415530
3727282733476336088
3728010492759035540
3728985710174438249
3733613615333990410
3734807527928114172
3735176829101462762
3737985037611829484
3738472921488270264
3739478414650963982
3740543048107216140
3740806823296032364
3741636584314884652
3742851471320317948
3743118359863407746
3743596172565796255
3744300361355567958
3747584838163957514
3747939856774959313
3748069485058579645
3748202328873814825
3751649706541503465
3752215830850240635
3752263964005564070
3754416734227565323
3754773059148170444
3755115270658593544
3755643380174412372
3755692188091027354
3758239954611800497
3758787655645220810
3761881440786373055
3763508809244657197
3763568873252313892
3766215699833156551
3767139224386619090
3767261691397106763
3769251132993390816
3770038154824676267
3771055387706041956
3774612293043320684
3776346416367789543
3781634615395571700
3782493795079743714
3783366617488174728
3784531739145862648
3787998517611742254
3788015620873870213
3789509956326804967
3790632980146690495
3795824057173257087
3796693411570044996
3797514709150131343
3798093306802727566
3799166651632433084
3801704939992173173
3802961638873554765
3805001361680584800
3805201477041841612
3807177145871788225
3808918946696609735
3809398086791392524
3813783822160921005
3814093000660819291
3816838481017346183
3817245879684054710
3819581038377228448
3826939548781144615
3827468038150735816
3828648324946292325
3829476591443563861
3830087960257998533
3832189747926496720
3834966460700296542
3835562445123788940
3835969457500664523
3836450155237444390
3837400838269886330
3841756831931090200
3844332876798425138
3848657149379924887
3850983240620164336
3852644201739609225
3855128988318081465
3857542251837311154
3860683010549935175
3862348582013581195
3869888180725802762
3872689520156451905
3875639990554871650
3876083199918824825
3877838240643252128
3878195370067521061
3879226824879327643
3880453969165151820
3886168679004839475
3887803032366481862
3888532555229850495
3888874106656935811
3891446234316778307
3891996383104178003
3892053653239621198
3898022399930772121
3902539681367150579
3903517818469145287
3903560885580551292
3906544108534789701
3907120338533272101
3909053921808318158
3910712787933221412
3913525409376377851
3913603048812947774
3913788881599133275
3915508534792217325
3916157375000983809
3916532954637711657
3916815063638939336
3919685704985419399
3924471213206254750
3925791276603919283
3928965328506720628
3929812869805303028
3930401766081894752
3930492809530413133
3935425905553913694
3937528150078465626
3938197749883909667
3942082512737376788
3942374815259009359
3947208501931547896
3949794075782373042
3951305500312320292
3951409535857430933
3955140245568342911
3955498629382751778
3956321953746159052
3958253007736844680
3961336694786058351
3963452647525534795
3965747857596601020
3969169865106961378
3969846103278630495
3970060426123285561
3972122179436655140
3972805881689131393
3972863089329807755
3973780647244524306
3974176162742409807
3975625799664467020
3975677382934875434
3976323497005241153
3978991431820125565
3979164443819041519
3979262929612540960
3979946998639996971
3982918392581352079
3984583407872295417
3985338851180674371
3987378394861156930
3988589013013895765
3992879784738247877
3997780762803744933
3998193916032861869
3998903257935838643
4000266245684030392
4001909589214182119
4002049834498172600
4003324218819982891
4004537947233546379
4005455007399630666
4006150411599533665
4006581162420863474
4008113094400224901
4008508408274900375
4009557736582575155
4012211035446821763
4012352273458624673
4017982081783023184
4018029654893531533
4020426981384020129
4020586934820297453
4024453119562342364
4026277567207817596
4026391759384185913
4029839862544151807
4030016818789305234
4031314908190405653
4032034132402486474
4036684162715525234
4038662633404502335
4040335076378146221
4040782346405290871
4040802744785707223
4046641616479859407
4051504173588459809
4059842043045310936
4060223301664565620
4066521404054203060
4070113489185744580
4071094215765672379
4072325591624689988
4072918062349181017
4073347793084666287
4075232227843140577
4075992849319816774
4078172168242229211
4078699448889831156
4080169065378203122
4081314622274824615
4084250300560151979
4084848797704494936
4085698197370005593
4086146258307300754
4089902469313788666
4090481789383679137
4091503167145112489
4092327624841993063
4093612900648417929
4093626259027082548
4095304214317565200
4095585286468356903
4096742829959694623
4098655345836803609
4098991663362499146
4100957657858248610
4104542612145883237
4110693991330207676
4113210177821678528
4114406912236733818
4117271387015542685
4117717545877328507
4118010405983025527
4119586426765118925
4119977690460715763
4120502042734312902
4121392548877220043
4121901854914714309
4122332550319930224
4123977638583575747
4124739416915282648
4129183658885123692
4131109954653366144
4131287033908621987
4132263214676906813
4133223765379628413
4134228992713909835
4134400916541556974
4134690455846333763
4135067106320830716
4141244864279671700
4141402883251163909
4142088129409563374
4143115255078279957
4143584482232445735
4144688837997533748
4145195989530192309
4145692798463995544
4152328636946052934
4154718740287045332
4155829785959347346
4166456812875104595
4167810231757458555
4167891525708033475
4172306225223912067
4173749467965843520
4175234964892771844
4175291491158580992
4177959613822221031
4179658930348933876
4179679796548950163
4181732262131876821
4182053802025663160
4183594599470629343
4184813217012857158
4185343694028097099
4185387274061534016
4186974246354848774
4188930740276687985
4190745990736940778
4191384881775077007
4191542063805291051
4192832684788209534
4192930878890475228
4195717536340960682
4199278540199813755
4199854164267228419
4200970326079515377
4203406942882229490
4203440123268677160
4203882468014432661
4208414221566176707
4209550084228461487
4213161726692339224
4214670598045774525
4215703371810707491
4216410500242029090
4219732856960990200
4220278229472978222
4220472351746074538
4223646437944953914
4225984617210408946
4229773214586190414
4230793965231863895
4238663992293004344
4239997824636134953
4241509486084103266
4242988303389189621
4243641676255385900
4244259138774897122
4247619287203142949
4250897710530628399
4256171307427704601
4258237687213854390
4262687216853650801
4263183260149426718
4263915591042410697
4266259361427058418
4268096183899736274
4269126973968341128
4272821887072296806
4272921398786186866
4273033315288244666
4273472118343145455
4277343690241925054
4277473707596790486
4279060578220232606
4280530662960700094
4281086395656277217
4286037929190450554
4286216153544549370
4288509077550013686
4289524751275456239
4291026655682879566
4293534547519399354
4296621871109584961
4298472042336534494
4299626631261931558
4299818961357737688
4304552625293871394
4313484612499007934
4314366011816235399
4316443904072164922
4316865100827329270
4317434164693691535
4319835116441399928
4320627988259354175
4321899793899619101
4323109081970259963
4323759968239602526
4326090980613903735
4326648207283699761
4328406517300564957
4328737743985080415
4328922947154311818
4329556150358100395
4330152808157807820
4334398776962459328
4335533974351761132
4336446398054005332
4339053627148874269
4339410637987198574
4341043254411896892
4341276069682597687
4342170965288861731
4342254526758279984
4343392026090810980
4345939320641508715
4346688619604735157
4348615085883939259
4349821484850511763
4350969436556630360
4351664548176426625
4353211880593509995
4354000625952701798
4364053865434131040
4364162485791290002
4366484716980038342
4367657470676891430
4368382162226127879
4371429647896385009
4374999658827646639
4378128983030323691
4380647893607105478
4381448932825408540
4383400429505505341
4385745652182400522
4390068815314733605
4390627256057697909
4390904812235107874
4391946543125090632
4395300038806029925
4395501575046759152
4396271504224893001
4397538150544793240
4398163052937065552
4399264945901992096
4399586842149655970
4403377021629936043
4407978780415016270
4408797843849719344
4410092207303358022
4410797578168625039
4412182732763641749
4418440298360422266
4419307263341011563
4419468563430880493
4420085497000767625
4421294556873986034
4424042408562155063
4424741085216279615
4424808682528663481
4427003648797702133
4427063967681798376
4428006226690142356
4428675644214288939
4432162523083053407
4435023326448374643
4435619996143282590
4435807327426447758
4436269973323258671
4437923179988159107
4440771624368855557
4443113310529784898
4446303262665222034
4447430562605895493
4448047305286712041
4449451529349315364
4449629037439276373
4452455415577812262
4455365927028945871
4459565075273686547
4461902479032898147
4463129157818577073
4464420124670208061
4464454929226896865
4469596447397604902
4470636591286982289
4470863650554800602
4471955498398990034
4471982440002836018
4473079061585041026
4475532943914824284
4475866866084438403
4478567881983424131
4479643763435841891
4479953768786670721
4480576321078658704
4480765548493888072
4483337010167780670
4488086785936010609
4488089764303336710
4489107752349734309
4490100575020827067
4490414994619447063
4495699608431270799
4496090361749809164
4496635902857758797
4498760714832298226
4499683539314906952
4504622354069125544
4506728171975601940
4509474769785037239
4510488877857161659
4515447995450058343
4517617944589489922
4521278494480387079
4527228488025833723
4528979455391559621
4529373072248200699
4530076469469490951
4530290640125527841
4532761721813798663
4533620770012409142
4537998903983900604
4539417397248070022
4543073549397242091
4543685835323698107
4544185239505227925
4545654524055357302
4546134438470862567
4549073253081735926
4551735521698594378
4551983335375586621
4555233515835385430
4555409802733467826
4555505597147971470
4569121263448063302
4571938494789198084
4573683022354413725
4576849076892772100
4578364067119926492
4578943004915198395
4580729404278021726
4583455378181369945
4584562530513648664
4585766276322774041
4585815203375800835
4586393892487639142
4587323694394811446
4589274308391095993
4593733111692580512
4594562139716597859
4596735749520602934
4597082546098131505
4597557256568346385
4599365326141425393
4599657661533405317
4604370079317287317
4604835935122847851
4605346228358780731
4608264711072046895
4608419068462437051
4611375679439929948
4611667367594048634
4612199813330414021
4614344686381582156
4623015510628262580
4626643870160078731
4628649923554292785
4630117126065583759
4632587118078792391
4632680282822444593
4632686632189495248
4635063451425345136
4636047676216529693
4638799501279590280
4638935393301742749
4641266277417507477
4642697107150862746
4645791827411067168
4648370701118337115
4648467963015090874
4650362382961378491
4650999127290713647
4651819677993587227
4654408057014005500
4655806273683748361
4656533059661072078
4657026811430748644
4659028768076366259
4661556301635887338
4663442417210356784
4664063665212818854
4666323098040348449
4667501766386436662
4667773279772241995
4670317076324894319
4670801922006940964
4671521096089095323
4672853677763168856
4674249707645087620
4681994433664764637
4689407565706392906
4690297939263546690
4691155623480451049
4692102022356894468
4692161569642278664
4696717854460391181
4697434186129963659
4698431259670021928
4699065456999871301
4701618596928527467
4702368426964533605
4704745855492183694
4706457273816528740
4706899106162650330
4708984753252582191
4712500314565183373
4715131051786782450
4715529792255711626
4715677310245812966
4719739011321679849
4722531716055167331
4723599987571310658
4724311542369202478
4725266875106454499
4727626232864055395
4729720882001398013
4730432733316387318
4735456108249147027
4737510561623917361
4738548943420993375
4739682004442609312
4742843827622119403
4745362405910682593
4753901533131833788
4754249871202429836
4756268772352554068
4759711270196414117
4761428274834048884
4763139891616180234
4764612519623282344
4765572159882319713
4767655434724023629
4767888125990695002
4772417098042334543
4772970246023741243
4776631484313473722
4777882944427040997
4780357479887521797
4780717066108069158
4782025317936434594
4783799846947584485
4784406519970024338
4786449656332873322
4786589731442762052
4786832570826702689
4787619104950392477
4789974994366065530
4791819426151636741
4791854731136508577
4793121303719824849
4793235751842434519
4794575393315851756
4795188037548714552
4798555712222296813
4800300481401317789
4801760771559306293
4804319842753102525
4807914574158970796
4808473421149807125
4809679276005730186
4812560704013308465
4813385263590268439
4815400571664461470
4815637516274579742
4816641751059962859
4817203108376205355
4817912361887665906
4819098623733607261
4823923134929916414
4827459378013280922
4827594041768039395
4828425397779833065
4830454026225762111
4835094445130294608
4835482589511962431
4837439135988636707
4837641991126694469
4838813918452500323
4839758850449860350
4841043002497699357
4841587044571441733
4844689954146477194
4847129416751777711
4847179081848654024
4848700734707736661
4850810008422195309
4850825844463799985
4852495351976155302
4855234799228864908
4855369354752864077
4858340313186839135
4859101313551760429
4859836123245815920
4862350815741866615
4865267479056991253
4866378600136557398
4866902095176606293
4874069918213064785
4874296049924119468
4876561387182160644
4876934536055985680
4877164434209379491
4879872860871189494
4882593067931002978
4884066749148578715
4887147852749812468
4887227391977145115
4887302702567101804
4887714040034226120
4888169855217329326
4888498194907626968
4890634897151089016
4896848967773871489
4897609099398243934
4897860883006107659
4908312464581271536
4912086669395716866
4914179415654866830
4916282204089599271
4917257883228201719
4918477846437134018
4919077572058861733
4919634703355861225
4920107981633114216
4924663186187319221
4925050491936392692
4926848964043832768
4926930965621287649
4928782015090669046
4929874108031168680
4930334062514527091
4931016790074166590
4932518449605989654
4938152620302108589
4938884584211054723
4940038717382573366
4941584541471305812
4942184536186575616
4943217501186508812
4944711784015814504
4945248394790688838
4945784007275621269
4946203197462926528
4947237494620768810
4950808808184187406
4953068981122875382
4957557910120557039
4959607501471091693
4960454544142124364
4965081589096045770
4966712760587756614
4967532382535988852
4969417024259291376
4970238218931300293
4972640613320919470
4973386533685397821
4977786772963704686
4988283149113168215
4990184615164325003
4991291302262544972
4991866358766608930
4992281561746598380
4994029839945540800
4996099529312729351
4997292113818183868
4999154717296243973
4999308395927249163
4999974690629730434
5000322249999803104
5002768788703153731
5002946703816904497
5007883223797122923
5009569327183535122
5012997330918776081
5013527207641192311
5014334706411824639
5015068823224595396
5018012839699376305
5018377755175503395
5018395201419906903
5021825084447807945
5022338830798539204
5023067401068708300
5024069778304702823
5025072894036581136
5029039787867652387
5029311139305555025
5031247759310430065
5033399731120797980
5034895338674300944
5035904952620921686
5040468753739829870
5042766686519768577
5043475620631064230
5043643138781688135
5053631112378788527
5053967384533806546
5054011578532289468
5054926476712695749
5055618280130006693
5056895945242924571
5057173661485292853
5057782621831354256
5058515154403317195
5058780506452791831
5061434931487602886
5064283927868078993
5065898664415894976
5066100593655793585
5066259924346587488
5067042297528165973
5069480529506701449
5070117804971138923
5073335361188896191
5073633588473393041
5074720856615892429
5075970930667834766
5075997409735264558
5081861746097774346
5085312111641486761
5087217971470502456
5087792934023561410
5089556142175142976
5089948481172820929
5092580470482523519
5094688833419301101
5099934386181925431
5101490523437174300
5101641023102480812
5104805862147611460
5105830427104649552
5106203910623398255
5108647320747511469
5112924518720420203
5114920428043176935
5116608944383919032
5118175016546903609
5121315524963685604
5121455545302952767
5124501272915510631
5128229764512114095
5129115213260692029
5129366191774744638
5129524928684179659
5129905328262004989
5130047383171297107
5131058018566471661
5132592499565898621
5134902187750848464
5135024906876647287
5136605823136190944
5138985303528878590
5142911647438292854
5142914259768543579
5144032058656184785
5145557537743864164
5146106229473896442
5147994418431988061
5150096923299274654
5151760492458085949
5153562363458636470
5154530716910982769
5155604981728069731
5156232886407220902
5156511065824798929
5157980171899991644
5162470488886869075
5164446860391305559
5165343089046638782
5167986115896755820
5169800005516602258
5172270498306217134
5180287605355525857
5183153536519300682
5183840323109076070
5186347386022112452
5187983583810568484
5189289408424711339
5195774866859973808
5198164813449268038
5199117913480843748
5199189634955470691
5199286489638639977
5201246363717068754
5204243847425185308
5204280225806098462
5206252694270500984
5206334909702507611
5208180234243291757
5208848280161023669
5209279304286951088
5211112712485897313
5211878833136478887
5211922658062995319
5212064859313982575
5214951453096032322
5221328549266163893
5223845845084437462
5223981060336149072
5224555148571421785
5224905079111796673
5226766619313262204
5229742481020428779
5230164375186339426
5231565671159780919
5231746252875896930
5232600068583337906
5234695808612943385
5236569314956574253
5238394587027259151
5242058416427848983
5243694623305521834
5246384757010265194
5248029736495726807
5249230540462271867
5253020110505301982
5253036803719578160
5257564292297137411
5261247679133625755
5261340701093093516
5266837614614948143
5268214413692323462
5271300190516315169
5271499119572472235
5271956431215067305
5275754487607690026
5285053540538292113
5288983255335077466
5290513687380230406
5292363724344491440
5292365316498999327
5293539838849315301
5294557823995301147
5295480007487782403
5297250961228001753
5297531205364863333
5297863202921068132
5297949469302941557
5300768958523317664
5303207330669247617
5303265861736711932
5304878199408046283
5311720765352822035
5320122327342874791
5328096639812181459
5328568249393604127
5333455916465952101
5335068412799960671
5339616640563434734
5343716671672870751
5344266943574244448
5346073691144513075
5347679681798316195
5348000410840327032
5348902732726117746
5351679169380587916
5351767797725859368
5355195349524390480
5355244838619196514
5357686587042616529
5360476165189253042
5362124896515847431
5365917784850368623
5367697723809013672
5369562172717315387
5370790628359464891
5370973619413051816
5373014920939685248
5374403025834199230
5375351907573192883
5376691937490543141
5378292433167100836
5378959986496034724
5381454325493768671
5382458130004460533
5382730179898505369
5383309050746316730
5388215596826314916
5389122094233445018
5389478043064456469
5399329995359034998
5402090767281758110
5402258963710542368
5403420527258882821
5404599432633825038
5405598582424843637
5406392050023540899
5406724194684952728
5406728018053511753
5406836773050710384
5408968566520016028
5412384427550907346
5413097657969623841
5420576018259819624
5421772395367182920
5422829375375952428
5425321648662489577
5427275886572232344
5428891611178655236
5429259565018610609
5432886185515702578
5434818078455660271
5436039162610169285
5437208851194851348
5437563932524007195
5445095582987068891
5446909063232456870
5452794266665055150
5454302085508074085
5456228024508997270
5456821624609146006
5457234923236053557
5460221626951680457
5460891085439160879
5460989192352831178
5462476736895137134
5467090004119829876
5467497001810982038
5467675649015191797
5468291850752584409
5468818920943168328
5468852834096687346
5470610702970565327
5474401913402044497
5477246492133265936
5477728332775208137
5482428537020416969
5484309321849177324
5489560038328020496
5491823539505491798
5492349619875471579
5496425757614921340
5497153530677472875
5498974697801269551
5501346679667415360
5502431486761414083
5504947224014193248
5505654525090380205
5505933487511925880
5506914614820939857
5507409883958747266
5510499487905724770
5512321394047792398
5519270329082865299
5521824976214714186
5523547884993494976
5526298222911691737
5526919783345117909
5532604434549588649
5533818778234202731
5533992090245077701
5539677935552840405
5550038258238695867
5550982403544982355
5552093268201690988
5552695557081082017
5556222845729715418
5556991944999772234
5557000428994191903
5558009006054195910
5559259714964852087
5561366581036001600
5562120723453465562
5563724771402167152
5564017729637702063
5564650289922410154
5565129604701201390
5565706985375425270
5565729487554286244
5567341983731221546
5570478708499357225
5572090371126078560
5572801318882554507
5573887033642006122
5574297127128326108
5575107353684152429
5581086345743006849
5581344222588405271
5583294180720900417
5584725822754781992
5590529863704902368
5591407010985118148
5593849897230870749
5593972584286011722
5596481532519732165
5599247712453131533
5602914963917476501
5603206768392773582
5603804589952290961
5607230647967979602
5610906319493632530
5611085644434424123
5612388089320407369
5613848360948425182
5617181731543093358
5618782330233078077
5620051863447723223
5622057620879265646
5622976081108535160
5624148979938642745
5624428787522736455
5625695940042984254
5625772573760226929
5628037354914727850
5628798106089151009
5629219420175017762
5630744800088696385
5631568202771971735
5631809553432067159
5635788096504784286
5636432312246581042
5637594255891557585
5638604996873505831
5639531213499564493
5640368013529993486
5642042031441643984
5642202503941381624
5643165716690604249
5643697387419204195
5647633965455592089
5649798369502838453
5651600734675418544
5654370693299925787
5654860140908678069
5655096703943824712
5656565202205768810
5658262194825842624
5659436111143138173
5659999063277509354
5660428315343056007
5660696803564769883
5662636502561582094
5667747524140079679
5671249235822464087
5676386548583192040
5679169583158125425
5679453080463493387
5683233348711722694
5683670253409177554
5684123453237141636
5684701016171917809
5688133550625624720
5691319277393883619
5693654590601121565
5696106976763690799
5696990312978566628
5700618601758848382
5703022694117463614
5704279353539426383
5706167972001964778
5707092002161909717
5707140933383289246
5708303830977199979
5708494771828559968
5711606621340390945
5711697502101002822
5712030340795718775
5713294642118145453
5714475974453211527
5718920738149050314
5719826834330291491
5719919369298587781
5720196326598300714
5720535741907316183
5722590581643077877
5724396726652086116
5725055589401402533
5730284510701300057
5730312901783868549
5735107378357744066
5743730124983510590
5744062314092904916
5744809396255839677
5745187594408787106
5747467789003244612
5747808058619738339
5749394136788647388
5750489850926599213
5754525362480130692
5755137221966173054
5759201646345117408
5760922622350497527
5762085255997973405
5762970086633483469
5764583185596405706
5764630167412598191
5767267811779935371
5770657250755525064
5770744798103534916
5771222230507497183
5772171219217894017
5772694333666044797
5775373280539612295
5775436340341920688
5776905628183904303
5786058577262813587
5786871541287532138
5787337499622273790
5790693014753201855
5792539531589628148
5795443515793520321
5798957269879532847
5799459544700014296
5799670405052830338
5801729461206555073
5801734405166213495
5805955208976000707
5806976522908479077
5810592333675774207
5812343625119474203
5813659556562592278
5815694171605765658
5823698647997347851
5823762825262929151
5824148078197156797
5825000419320167534
5825226843022902279
5826516224822832726
5828241087462182804
5828380839456174792
5833520853308853498
5833943200996969861
5835688589127607757
5845664781194702352
5847698048391894073
5849982132292839758
5852608489258150314
5854709509232343032
5854797132008762975
5861730057842401959
5863852982409774765
5865195106627690925
5865576138289897800
5868334567333836597
5869957754881347657
5873456873885641058
5875411629104177809
5882218034888908899
5884682664570351022
5885389056574789203
5891288657206318600
5892742082705736364
5894913486236144474
5897466410971775946
5900022840208878881
5901199999671122949
5901564986390868699
5902728210731153443
5907362377066222558
5911493797929180261
5912729037881576756
5914353464963488916
5915208761080323493
5917273252594366023
5918866118288585284
5919303004722486065
5919750393192955594
5921862540977864461
5922824806394577170
5924196890383049727
5928696808558889493
5929255093702276722
5932775774118720942
5932778370461753910
5934976203726765481
5935011673400776773
5938720403417304361
5940333296026088936
5942004465310665923
5942653269389413282
5942704171361969055
5942819211038993055
5947335327580111612
5951750058273515636
5951899596483536314
5953986913508640435
5955178712103696621
5955561585240941233
5959738727292433534
5960934893100173017
5961418043457172750
5962311622071064015
5965902293406405920
5969234489394875309
5975042341582784808
5976873656486875565
5977089146114202836
5979592865349945704
5981499029227022938
5983325765447644963
5995359352861687056
5995563735381903550
5997976798017070311
5998651313424494806
6000777371868683099
6003884137588520114
6004219365634073984
6005027579123647947
6010766956062493554
6012152706160253409
6014211557088982559
6016376447924689462
6020483504918352653
6021583825196920304
6022344756858781783
6024341506189056327
6025980566726779040
6026101662687806779
6029215836653916394
6038678036289956801
6039023454325656462
6041667490320866913
6041682084530435569
6044113125742896326
6044165019344013329
6046207548394218194
6052344629705160236
6053165310554951415
6057622992546141176
6058255982550906448
6058438267203487922
6060210243327070704
6060371613948217515
6062603531557461299
6065127342157010045
6066364842646514202
6068474338383595277
6069462061307681589
6072118343732652387
6072483029518690933
6075066689312002786
6076989479108251071
6077578882632148103
6077925871579022456
6079006992755714827
6079290407603127150
6080495207979979393
6080644654722634139
6082993791832118404
6083134791931390834
6087655833014625278
6088423070209031028
6088963582982030626
6091643832182628644
6091740871827841001
6093558740331762620
6094238981842398427
6099674795320731983
6104556950870317185
6105124512966923996
6106011395048305134
6108518306796758363
6110342869356277948
6111853635860550026
6112418086362557065
6112873797434768072
6113635299325404398
6114114490455906539
6114580971438807794
6115248010259700535
6120691182056777533
6121050806075913243
6121132545879045703
6121167023243212198
6127208961858598302
6129892613593815198
6130100926625753460
6130720339348507984
6131896551573340079
6135792537926597797
6137337943868555666
6139193504593141722
6140633500932843518
6144785199611538038
6146921337712183193
6148671120667174863
6154717096107511530
6158514029111021146
6158982280287714627
6161992220906998833
6161996126821407833
6162437159092620451
6162836479519479684
6163721863321483330
6166456134757031219
6172441946086774620
6174460679346821281
6175582766628525189
6176365900882151205
6180826394593202449
6182253504150351069
6184313547724585469
6185622388906758449
6188280049186452520
6189314681518259290
6194993906512263657
6197345832028659149
6197882346943635633
6198419314590652269
6207502957614403503
6209618656800767930
6209966461523908914
6210968751916542161
6212375943804246600
6214173713693931309
6215025918681591292
6216556187349867986
6216786948210572838
6217522089847004396
6218823501313235426
6220186477066916077
6221909345198567633
6222553172555504036
6223009519830113145
6223349652947162923
6229530991971164135
6229682254281793437
6230175844262738312
6230256192373402164
6230745461819621492
6233126956669739542
6239184639146837095
6239767115728721222
6241924254679949811
6243369469167902967
6248024285888049729
6249359206679933865
6250757529319255389
6253469861860384231
6257080953661927943
6257095088330450690
6258610841093582931
6260828511845425109
6261558150996722411
6261619779880062086
6262282865063020325
6263653890030705735
6264276052089293732
6266136761815575787
6268753825435045494
6272355329392948623
6275026075642134580
6284175802497604191
6284405760440049039
6285942547772628082
6286923861517135853
6288868771471538531
6291278342427867378
6292521487438518044
6294724968397671821
6296226252116845610
6296263868832000275
6296312995747645343
6296632580384150455
6297356763497462503
6298707881766928790
6298946452938975540
6303584262111116489
6307153339780133338
6310094814610395740
6310174256619649320
6310784361571074438
6311188835186866279
6313680263254036133
6315685560435525482
6317245586892498173
6322355056087671508
6322591125950939201
6323354417486557512
6328073169263933503
6332131951387558754
6332476021088611785
6332535218082576766
6334779910266470467
6336848960540220685
6338499148567753312
6344934183608021598
6346908327608703628
6348704784550215724
6350383188730753981
6351411513655337327
6351807502467843026
6355071279624414739
6358939935411382983
6360642585270852374
6360721279012456975
6362565646482361119
6362844695028659461
6367888003129050136
6369196349192510527
6371779190633095091
6372398569993527974
6374301633681267516
6374901672488430009
6375088264657381664
6378064045753588629
6381952331477065345
6383331684433218038
6384804893601713698
6385934183285377877
6386659618429786986
6386994864811539721
6387901340428248171
6392283677287090339
6393211495060367347
6394286071208206679
6402811786879959831
6403903289542304418
6408722211317064563
6409440921995693845
6410033079569840028
6411536950920885920
6425459365177433270
6427540563060537663
6431665382663113190
6432770008554679810
6432806844011891499
6434141652499810249
6434781464328668130
6436077522743817329
6438135669270647342
6440232467624049489
6440661419434771005
6443647761966049940
6444817845581354309
6445726438516153521
6446258974029897078
6447523594810074892
6451464118031687264
6453497632578451585
6454055378686054729
6454657381250124323
6455159596878587169
6455738343060796006
6461934290351970826
6465057955006465667
6467112705613374691
6467334043709879695
6469151342630266565
6470028700341347112
6470850048636052225
6471496838948598599
6471530841799287006
6473762011756997966
6473906219199287592
6474204404108974158
6474255920969395719
6474499787920850496
6475251316506462042
6476737202201145522
6477383729038870718
6477586017846438223
6479961611427646228
6480621057608832652
6480636698060584366
6484030747023124912
6484296662535666427
6484806503826884773
6484834529991329958
6485924924654637635
6485983116176591824
6496443231603164033
6499939404182648725
6500208797764575411
6506626006200219902
6507303290489661633
6507361829616293720
6508211348343659784
6508569748063965378
6511667655765332876
6512130776231459676
6513737004528547047
6513847661206072330
6514078736570259858
6515297812691383778
6515366063803404181
6522049808096061996
6525513127536340340
6525673739045246588
6526015636058730182
6527106409091892178
6527371297266046519
6527997230379854756
6529401939650519087
6530412189881302868
6535598189692464899
6537168946884249960
6540094054194480126
6540631853708000838
6542093856686841651
6542789475498987308
6543800894708770308
6544973805726909510
6548014142551666887
6548340510488382742
6549754008352161310
6550713275505963887
6552467527958412882
6553103663019059861
6553560464022124640
6561898958804425645
6564426374839190669
6566700026631186408
6567547889575171897
6570239382454220701
6570975722538884700
6572396746832064015
6579268714664723233
6579477852697615045
6579808195239529509
6580789816004583230
6581987102955415156
6583480365598751849
6584941522586955005
6585381977220104663
6586678848346321499
6589850522522128926
6590991851194186713
6598588652082790434
6606808257884386108
6607519761595283897
6608976361914295361
6610051013978515508
6611135171706883763
6614351196354656467
6619019878935176824
6627574600110452530
6628517432129257260
6632890666148145704
6634573605072180501
6634622874870698668
6636654684456112165
6641449761295760375
6641993769609983021
6644286892584467609
6648269304659240841
6651724061185574465
6653213057967657331
6653295896470530883
6653338054177354772
6655400101027674690
6656426663763947670
6657676966637971718
6657793453896995589
6660190341137506405
6661544717473852738
6662728055714920952
6665485748544128588
6666039738967734570
6669789666832390420
6678340665579842486
6679646879868849165
6680897854471238420
6681300227861252531
6681586150528024711
6681726235174240833
6682097703230973686
6683351431695581980
6683548447941780591
6684272092119358645
6684694475996477853
6692006166414583992
6692771728787912374
6697076422348478457
6697191403911274217
6698026448068411772
6700971991434642951
6702231431613978279
6707492085083193011
6709565081943461478
6710117588882215146
6711567926294082849
6714056710633040469
6714234781386831345
6715805271073162292
6716690941245039114
6724326434124323498
6725161417069754835
6729665346247256058
6729913727342722358
6730557891782068025
6730651464629389393
6730739799355683306
6731298475102495649
6731363887448547811
6731390930210800366
6734976356693228658
6735334939945306666
6735668257505070806
6736668923232368951
6744882137870629943
6748816231651928537
6752772487977519495
6755233875043341117
6755885405319790073
6757793786683360016
6758244889473040064
6759319477670805600
6760442675615783992
6769568521994396728
6771098169428849949
6773802425413168905
6774967213118939560
6775587621313839819
6775971573113963100
6776839689978716958
6778242910422551245
6781003059372579594
6782589562617923572
6786012365498732390
6788042343646176986
6791132606597888936
6795824767704622158
6796164173637202236
6799218072437850345
6799655331462654188
6804933369975414467
6807391548575772740
6807521302395098381
6808344139552090689
6815946044735159064
6817196313571984197
6818952750584352034
6822122418487484023
6823848934194923994
6825655525713632266
6827794100535499794
6829529848626242041
6833481763898836215
6834059403893634021
6834310727618356290
6835340603836652608
6837722325377370705
6838644683964526073
6840286585711915115
6841513354497752483
6846683276390793672
6848490363012189116
6848610142226567215
6850384841769037397
6855748740640214427
6858074145700815698
6859042592945233884
6864557805725985355
6865772828766983871
6866123924976461999
6866850357039867070
6868978484399522440
6872275183536116240
6875184047171623483
6875374346856966702
6875497335055435501
6879298675348931155
6879994284941407775
6880993731053132596
6884353555266425662
6884762748872303000
6886077227039672700
6886796626533518270
6887924408511105524
6887929085656777400
6888257255958354534
6891507396802606460
6891673777033316009
6892663448545333659
6892810080237110137
6893476334212403845
6894840407918607025
6896191070547698786
6896210020577670656
6896584646933766813
6901475664889211674
6902604357889225971
6904022655847947253
6905540192199572006
6907223757807602313
6907703608884317812
6908278695466263299
6909478252982604538
6911092570136657225
6913755424025237831
6915416178087155809
6917364714063824457
6917365912967151720
6919127674484301704
6920111802795113534
6921861825644313977
6923838167133524756
6924203529235909813
6929345694545158197
6929547902975178597
6929778713880844719
6933216901902825603
6938342549045895611
6942605254870251889
6948259333244258063
6951832368422969962
6952532048733178287
6956417987881650659
6956690766167419311
6956875998555457095
6957836756007278802
6957990116038721658
6958069083705692919
6960911023031977540
6961213098155301316
6962809674525324723
6964538470041567914
6965593422982463971
6967853337810218000
6968280638188051375
6969983388734919353
6970256610763856119
6972940981652615783
6976343923290041231
6976776605854483997
6977186533544603864
6977399504249807511
6977688681919520104
6977987671537200453
6980706724533130474
6983078338782788324
6985943045107938698
6988844452179028366
6991476277442555825
6994325919348513213
6996594923517174100
6997159205003652518
6999874311292576299
7002662421838138692
7003665567259232732
7005396995367579810
7013872964811127979
7015674590608138373
7016167309165997783
7016778809767075683
7017702025546950468
7018671982286518957
7025285769711553205
7027315232204047253
7027822991059675434
7028779272538031081
7031032462276779502
7032179519106411360
7032718965573400074
7036054452611223529
7036945664499960628
7038318863603796224
7041587932748994916
7043844610375080147
7045893670303022160
7046465223310345308
7052972723878646532
7054465304431036007
7056947944094840544
7057081909447968731
7060263367233821012
7062601175230584481
7066777208326517781
7067717012029697366
7069056180112967746
7070719581987824416
7073773687914675365
7076772312485838559
7082003524772374918
7087084822118894858
7088854519811379998
7089940700358395751
7092537597886098447
7095550340785583681
7096554899267179576
7097511253468239906
7097932449277427244
7098495548205331530
7100624723912441156
7103302522300378672
7105541781884295970
7107224750661834521
7108465705452897155
7110199096744546909
7111122028960101207
7111181613505781355
7113157120967429882
7115724370040607351
7119280212383431678
7120927095401903292
7121665020669778406
7122275589705440175
7122587105329719150
7122867522348524094
7124965986745855185
7124991606065347828
7126076822500900642
7128894305106383549
7135571615691082829
7137005744892752018
7138373096501834337
7140926464811672703
7141109230571691373
7142655117163161493
7144897565579512035
7144953295381650092
7150796699807156997
7167438105636888392
7168060583608868676
7169889030861190573
7174579790387661548
7176907742969381038
7177493565869832567
7185431498966025170
7186729816861249275
7193629220915063398
7196271364887786969
7196825255088545096
7199663042753994511
7200653422284547353
7201907683098803658
7202056139126087306
7203463595042088066
7204033501670576585
7204066457242397311
7206964287479030121
7207142261570236648
7214330461827898488
7217255497276334739
7217686278777252751
7218502755802491909
7218589083562312031
7218887320485549751
7221398474938888278
7221665049222795747
7223111739335708878
7224233871639168815
7224740079453738601
7225054800560107625
7235329353577519218
7235518098622696159
7236913286605110867
7237773652683628178
7239446107033268874
7239986115736937804
7240212612694044755
7248345400107000649
7250172334554742463
7253709146752886430
7254846007122971528
7255825325735224543
7259694864630442024
7261488733022963079
7262336972423724618
7262600617239153407
7265119989269072720
7267126478554755429
7267697597899847932
7270527326821913080
7272062255639147662
7274266245518804955
7275578214993711331
7276777613921867930
7277559810609552681
7281917326425622127
7287735551048360624
7288762221554648873
7289675740150849234
7290094669083542377
7292873505358654715
7293015551600262696
7295226356567877027
7298082739412712285
7299070047290877062
7301300296539691224
7306449776695956084
7307234962144800018
7307929969913335494
7308190119283952994
7308369259202968720
7308589490646736729
7309081494322348534
7309799103729080980
7313044344980953872
7314075652619961500
7314494546374436819
7314859598421632683
7320073295500725681
7328107542716164788
7329315047568882970
7330395961501307682
7331588165826962662
7334952210076355781
7335061853647720290
7336661209026307019
7337901597110892479
7340780347246991850
7340999239578646394
7342115928488065445
7343225413463773837
7345117903847539381
7345512246600566104
7345828184008086558
7346566513951365146
7347189730101101392
7350693759464661440
7352376723571754610
7353469005777624378
7355350783135981948
7360999384876158491
7361103456198937269
7363771741356578556
7364267345530574075
7364682343192437527
7364972689326296991
7367222793186619234
7367903948093923056
7369292991765002503
7372180395121813591
7372216166061505380
7374187621099265168
7375479786861307809
7376700507512845247
7377964220489084634
7384672444359493146
7387381360331631298
7390321921290758494
7392097443729319596
7392810075044756147
7396831995094467281
7398603041278851266
7404631177977421811
7405555773326109153
7408692291363678688
7409168969608513904
7427677412220189465
7428091502064310943
7429972441455121313
7432762260029031177
7437937357844081027
7439553082429038618
7442880861306492038
7444090986105270448
7445731616743775357
7445785113660455353
7445982520947055837
7447144978504574115
7447595191382009681
7448574925096549822
7448598837333359555
7450198619366365369
7450282683010800466
7450829163778347087
7450933747405756589
7451825839333678482
7455536205241178644
7457150265553640516
7458466998368627824
7462888609024227135
7463211511020206586
7467942846448482119
7473672833038624820
7477858822590640599
7477992233431694499
7479937049170912902
7481429895070372156
7481828417762161909
7482523777967973189
7485527465625895157
7486565980888924483
7487873278195993124
7488050902311653148
7489125279544951912
7490255066741448653
7493700057807945599
7494848367144615874
7498558438694789780
7502124142337682131
7506163131524937885
7509491333935224433
7510123623467847763
7513046589204874323
7514518126969511121
7515497084943106315
7518421920115360080
7520431240819955705
7521332760657694744
7522990365734443154
7525189312216258625
7525520807292161459
7526071014420318886
7527415126752281044
7531233314161244119
7531654361070863559
7531825754450040573
7533294006394990057
7536123538873315079
7540030469955102741
7541511713168161307
7542022591154145417
7542950144365358425
7543153396821367580
7545016337225765009
7547372215034574421
7548690736980505511
7549352869882324115
7549516210898536325
7550785719657406922
7551092742758606555
7553034631428700373
7554070677835295800
7554592118264175876
7555692140058442256
7556041858160163441
7556074235469354741
7556113190055949480
7559100423348077364
7560386076300193990
7560758685351405168
7563687161283155948
7565266434335936549
7567589525963577886
7568890017079989763
7571920764179182606
7573423130362327908
7574051636339702382
7574051755642566913
7574720188400192928
7575663358315097419
7576059457125601231
7576121675648914362
7576459265456149525
7577922119473827212
7578477201110907494
7581209314299271237
7582870108081771894
7586692884966614096
7589062281532427783
7589962085111762724
7590640377283128961
7595598331058854131
7596397815431455135
7597859973574473525
7598448726883194745
7601286915020215395
7605790674112121169
7607569280080550761
7607715862099173216
7609903839582833169
7613107419946363268
7614387173729833428
7617436085620697250
7620459800444337846
7623348883028060064
7624052797826268050
7626000113403404945
7629505366781475215
7634169309216584470
7635423570484465470
7637550723369281906
7637652413654888129
7639216347444203601
7641106036975297741
7643096695054434742
7644415265183019263
7644817283770826211
7647500326040922183
7648115718907956781
7649005174013842297
7649022978443885099
7657192017395215576
7660847921814377865
7663119737718938125
7664066418361565849
7666612348217581212
7666925790330632941
7668316579438047770
7669678864078554910
7674641546102101758
7681729054973038631
7683328383827133370
7685378308006244666
7687636127282816426
7688216472133085231
7693314753816358810
7694506544395699481
7696487693372094886
7697255278263820447
7698117986309912758
7700802272026060281
7701524809862874455
7701538981610900071
7702159986675401564
7702936003969307582
7706376952041663267
7708536114420398054
7709562572734804582
7710716900305854948
7711828908493778732
7714123236078277334
7715630618062948482
7715933896476906137
7716892684911004757
7719574789476650422
7723989026122505932
7727021455295145984
7727202470060781199
7727469850681580954
7730245445103722928
7730374070525490480
7732733808487285130
7734751671920135124
7734865739111219438
7735529486893193784
7735538150940817769
7737837616666865909
7739430446075734534
7740167141258586522
7742449790967888781
7743312508564060488
7744468230083100233
7746361087151031713
7747259211835624806
7747833433622076293
7751533215772916339
7751615550475994906
7751832636680232871
7757639482570679888
7757856441301298952
7758156895501413715
7760525682485903028
7760912803650778036
7763860680103850364
7763878453289825015
7764785989295966107
7767297987871851606
7768163454672999649
7770150010153797267
7771380050729540282
7772657370266825250
7774054615967878001
7774762544343482486
7777617241256290862
7778301257752628462
7778435835342979557
7779416167301490150
7780339271886518626
7784058194142418960
7784961956818453845
7787396499957049819
7792900043375812486
7795655730275729596
7796285533664759581
7797675979157971641
7798145918721573228
7798896953447748552
7799730891840249605
7800433275385132303
7802231194698286144
7804128577171156541
7809610184281154073
7810676382334371142
7810717106830393226
7813372164434621469
7815287924944016475
7815320982074203184
7817155133433691630
7818041888914255314
7818532855989067458
7819377984704564161
7823821610793490889
7824952402330735873
7826359720522585017
7828030999269210520
7828667993590286113
7832052737772327747
7832072288445476531
7836706884429618548
7838319360250915834
7841038067818155872
7841599008542182598
7842767447241041814
7843550016339872873
7845379234912533081
7846654288127023119
7847757625732855386
7850628829611408434
7851842032839658588
7854493520598264735
7857241530611161447
7862330754705115365
7862829486259720973
7864749859888278419
7869131935701740294
7870585753205634606
7872828297329507213
7876209105582532535
7877073931110267855
7879785588469973950
7882106870221543175
7885713335814482292
7887725469156101682
7887987990380891630
7888034928773347848
7891645407836283281
7893991883812573833
7897107961490058932
7898282088264931373
7899302195310218166
7901584597044799340
7908867182571565807
7914498205310085547
7915354219762593004
7915627435470418700
7915726935194550539
7917280156000989716
7919628934747729485
7921517372617374893
7922574083724576528
7925285578470705015
7926941467048847641
7927282688836326553
7931136147789009278
7933363598239528839
7935930919340493869
7936463751585849330
7940170913196445306
7940898122391862752
7942944033416376451
7943336367891297254
7946051864165177588
7946383081028691971
7947954193587444646
7948987171881423404
7950677571034162714
7951410919110499027
7953721778434679488
7954783673314257778
7954907214190283427
7956717133962288410
7959324049022382235
7962554450896576094
7962567007472530826
7963183124480316787
7964490141929188174
7969557488607883647
7969926672555043434
7971280021245627218
7972802430413737518
7973676995169022442
7978229051285260062
7978378073739158309
7979091438540750870
7982976548634305009
7989040198055064026
7990034976470761211
7996112152711183311
7996124157994248476
7996267030691074747
8000739995277328921
8001059105142714083
8001123659095357377
8002916871974279970
8003642478779833035
8004037053413222069
8005984855078308010
8006667962031266389
8010637702938786376
8013560662322508628
8014283003627639632
8019484619077666186
8020626441046518560
8022290468936831938
8026649738237494037
8029191801568157417
8033587780107444786
8037210490039389314
8040287245645224321
8043009858279316702
8043088471264765429
8043379917522898386
8045014046014181678
8045778398597018675
8048962863040518998
8050226177922787165
8054799903833958991
8058586831916197708
8059366607590466443
8059627236636084324
8065095939684726596
8066447762467355357
8069677837994666278
8072014397127206295
8080443886610412947
8082080155470197249
8083449264673949940
8084443208626442689
8087255423351860691
8089455884223252550
8092188050791664460
8092410364028831055
8094630896808752419
8098144876337747361
8100483772224123887
8101935940550764211
8103119705184713424
8103482455150212122
8104916929990848909
8105368963122650371
8111978411546331303
8112744875657245102
8112818634254078751
8121397870746363415
8121473729050982924
8123425742054077242
8126885189025979934
8128775297945499842
8133487561657943167
8134155909947591357
8141429239688310090
8143623635323572314
8144030169555703905
8145956387121573966
8146110544161444708
8146587373269142085
8147899983966049889
8147909401388204842
8150003935941136464
8150055600305513088
8151529880677877401
8156730055631197518
8158586747199284784
8159614463406520945
8161086282807941775
8162682725686203036
8168045772392868927
8170587051711893092
8174329700714385916
8176455595178890036
8176709849842384418
8177125374467480483
8183178334090184435
8183578175563430712
8183943328018594930
8187320093712042742
8188418061596965933
8194232897837198179
8194379304345639096
8198838079821547286
8199278220650280324
8201029053442068836
8205834449515326543
8209410508953085595
8210433720148882397
8210493171285275846
8213323892160150855
8214030764873745743
8214388420053842765
8216634117273616039
8218573117425667132
8219313483173159307
8219477721137918302
8220741019532018980
8221965481753451839
8224099264622169189
8225425355916339275
8225850040284140738
8229343428306407957
8229905029205228962
8239936574583106164
8241810446402161815
8245470999617841940
8250852261796460669
8251223138904265174
8255438879805788729
8259421690252173565
8262277180732193558
8263611466228059155
8266775344491483739
8269108954997515023
8270225181502239412
8270658464362104867
8272014165218328304
8272352433461104071
8273165176002390398
8277541648104250742
8277596637009744311
8280248182642522901
8284333534760002849
8288209212678116114
8288922055933283164
8289866504366786850
8290556305280803707
8296608565385142902
8297429486660404706
8299246955349161576
8299375958558308521
8300241815875693930
8301039402565566383
8301834494563286640
8302671087574040730
8303112150897583217
8303637517098295631
8304353604001130410
8304567756586366953
8305783793574644079
8306544681749319717
8309106523958135598
8312020386437009126
8312703953891431246
8313853467527905278
8315027921141271999
8317310210203715638
8317881286192824949
8323697987331549198
8327302636178670411
8333789401338442964
8339123687024034062
8340338921868397336
8346870097624513965
8350331967322588862
8351198352515614901
8353809242380020732
8355805916265796758
8356655792324078274
8359302820351450130
8362554857247863309
8362629569214462885
8372485058315634371
8374603958649873214
8374636879169269592
8375087464540475184
8375138858639799400
8376382630681127241
8376487597477476069
8383520460107075591
8383897374215072945
8384301924690596739
8384924609154180583
8387203499827261852
8389514734102630104
8389891681783357708
8390803895328911268
8393715407268748387
8393845713738790194
8396093736870694292
8397320431140678045
8398524831515065402
8398900454746003416
8399347026113988270
8401067785683335800
8402645835265550506
8402780229160124233
8405038377749438934
8408348058936688259
8408846804537485297
8410009678573867448
8412916053226770209
8413979344489611335
8415140108124781870
8416095308103365352
8416739189366116183
8416943326927251901
8417747021372441451
8420109085856703197
8420491286715154813
8429298042551329964
8429914521377780443
8430572585838574670
8433634204825274468
8433634366814371856
8434795590764190733
8435147935206991069
8438205208937056961
8440781854144797981
8441859224768011160
8442485162732472790
8443696471252535549
8443723674832384717
8445635551711056374
8448379977100828605
8449169915793955704
8449446965794937512
8455218378130071450
8455977112442851846
8456432331624637385
8456589760071156567
8458294374446054027
8459720400079247893
8462036084382211471
8462079706202228096
8463847732145879464
8467470792184810956
8469489129409227362
8470064355311334579
8470336994119260510
8472549129537418989
8478482243606737045
8478500570245379839
8478514849254934746
8479795234757730606
8481122286184269193
8489674065140456308
8490052589195388902
8490268130487701659
8492897567756575897
8493423080762118804
8496011846575666340
8498645806161150242
8504820679263534048
8505692890624099379
8506277982185452140
8506940247747128893
8509176170625581549
8510331602321372249
8510721349967038719
8511318873826711684
8514796925608679717
8516300970375569979
8517659226652104271
8517792939074573590
8520371713236237787
8521924305610673542
8527041711819934181
8527958802281632929
8529511664261575929
8530036046428475397
8530852390203849684
8533415620059905347
8537886479659427171
8540063285428521880
8540131289710633780
8543885772996003228
8543888924168524425
8544615752336946180
8548750813125558641
8549155901129591904
8551738878481989903
8564395519775402063
8565576811533768275
8567034670834157600
8567927933903212918
8568756382665287052
8569937651940113350
8570143401752140880
8573791329907403838
8574731725466398115
8574837179236573516
8575210733012606942
8575389050853396116
8575903295159530875
8576051502829796492
8576993364502788171
8583842684566233334
8586034242892071275
8590392562080088822
8592798704963106145
8592985069241533563
8593742126881038721
8594344748732779333
8599238548427738148
8599524043056521236
8600252809723783122
8600664885731998322
8601529909552347566
8602853122759380608
8611784875790775100
8614582780383269126
8615070859815560852
8617447893505287477
8617476058052899218
8619305880842851215
8625168381669400492
8631160698641552772
8631228197465581646
8633634185425655915
8634502538345135024
8634838100971515212
8636736979927513215
8637893066197514148
8639845491261953256
8640776522444810921
8641792532303711097
8645126494145318415
8645773668905287841
8646581307348322004
8646810073474671910
8647732610343781153
8647985688183002923
8651327010982124810
8652082702045771410
8656561622806922517
8656570739965231290
8663237642631289843
8664259040513520861
8665119366474848470
8666195054033547189
8670210210947766125
8671544584802962889
8673300048481569995
8674529493816741108
8676056600900791085
8678256476671704447
8678595367425270726
8679383827034679124
8679501974251827270
8679924044283942619
8680405029194669426
8681898000392907657
8682764542223661487
8683093089968382152
8683626024587118215
8684627157971231249
8685791925207567817
8686163362993616277
8686806155605980832
8691005071455801895
8691438889280411788
8691459864861763300
8696629542277022757
8700101092065193701
8700326249844984897
8702222694656272308
8709647789445417872
8712230786914439852
8714108391832855660
8714861346523720917
8716355047964914086
8718685114747695305
8719816565522027605
8719966974829038083
8721642821317678220
8722626879482932347
8724191156840796670
8725407835132444398
8725712000545241899
8727719892041850604
8732667796082029304
8734109833178853989
8734664340919639149
8738547782484096603
8742106377347737474
8742617513876264372
8742847129212149643
8743064046926664353
8743598727469378467
8744878808447660783
8746367461981425152
8748790678952220640
8750009954166200259
8750239222792574026
8750250528514199038
8752402087642308634
8753918330400500502
8762475150566631035
8763958518775064621
8766930195672615343
8767414912267807242
8769650146062745777
8771218143853282679
8771977276686312390
8773226191730986032
8776038423133517049
8776376648015299371
8778716640792868026
8780114673429605776
8781393688024861130
8782088358573924410
8783115751571292881
8783668713779206188
8790575243476828035
8790675553661549879
8799075232547109344
8800021762871975828
8803051919709664175
8803871113365248243
8803905224201298110
8803934315760617026
8805205895436462728
8809575888426856960
8810726112176222247
8815791144700219260
8816394587350270931
8816774455886182536
8818081575793476807
8818112701471907434
8818887397208668700
8818923834532968530
8821263742212065945
8822015893500608086
8824881681028171889
8825796736111813447
8826679428985880884
8826816121771998242
8827885768958474510
8831110626743593339
8831269598600655290
8832731613996323596
8832878851750654430
8836051268028305167
8837684167098801919
8838553030497177026
8839691265515294751
8842517092002077596
8844342879284784625
8845825015025850043
8849662179633322806
8853689658098148841
8853722277983815917
8855551353799139082
8855760916337679305
8855862004255078062
8855973629733330698
8860274508344426772
8861288677783313276
8861763600928411717
8863003889075850133
8865613990475028756
8865816470174440412
8868128936588076481
8869759620268922471
8870514514479242127
8870691498900886611
8870876840975793343
8873011709812723556
8874397089698836393
8876148347678084165
8877893971521366726
8878139993402497144
8878951669139070457
8879211853976189802
8879380589227622742
8880928083973151829
8881419202024674737
8886550046727245678
8888262072615486541
8889976233860071447
8891996380781725357
8896153386085115383
8901469461557336125
8904093420621762810
8904116514069635172
8906330487025506647
8906389652385809477
8907213134923555298
8909305659213668507
8910614547002176419
8911184379309330206
8913216611633942344
8918700163124798088
8920384757322747428
8921316834879641217
8921495384687771063
8924566075506819999
8926635169654011925
8927262802303409785
8932450495841180497
8932579254820072060
8934673376417831823
8935567762154818411
8935820349425032287
8936122223322270147
8940820922082861398
8947298706662763174
8950040927224325952
8953918757184436903
8954607850278295734
8957578515331221581
8961988637020248669
8962258627644012369
8965489848607780370
8966432444961828620
8968705622451449751
8971813495219647863
8977223458002716348
8979716995508209166
8980116969808641756
8981350686042214318
8981875360164826537
8982388296096073483
8983955998152918949
8984097674187470971
8985470598235967583
8987451929118301705
8988171889139248660
8994085182624300136
8994279886775788926
8995200202351557303
8996286905362231037
8996537092384154914
8996582666903183396
8998184073123958388
9000089546632990348
9001448032386189774
9005680138196273261
9006076930595466819
9007633236729425706
9009840994511960650
9010078430909440166
9011390454534083083
9017724613929795243
9020616765218689620
9022893102909805200
9023485126693588221
9023487253912102473
9025076816955333520
9028269249746717889
9029160881413473206
9029573740470796610
9029987089040478621
9035240158555356745
9036404743729363463
9040856646042047439
9041703830933502418
9041744312572015330
9042708988614648067
9043615315355755079
9044204582707362149
9045523764768258564
9056177451555156136
9061620732200990835
9062936725845906159
9065122803413998524
9066661344603613670
9067319166451886744
9068115203632133221
9069120098534083907
9070555627024172920
9070971788918696650
9071148040210308325
9071694966552379783
9075365140270343740
9075757752589016808
9076155706582423023
9076183101279275254
9077839094034888228
9081088255660231211
9082590958689425281
9084956258200784347
9087134611326184811
9088181692169819654
9089560598898048711
9092871296134551301
9097650919815016471
9097800456241599321
9100713167227348623
9101485386082873183
9104647608715200325
9105204113978788311
9105531429506413881
9108200366536029211
9109599618040166262
9111798982677765246
9112488830410199613
9113855607460968719
9114862721117767985
9115037924945970152
9117123102194824429
9119667241052685943
9120298673926249441
9122199531847625329
9122202758250749608
9122388040585499066
9122943016179265217
9123312610587779766
9124695063074330846
9124941608683109323
9132904350749638632
9132949710736365601
9133373527612940516
9134626380992068599
9137412005932059397
9138153950868561236
9139376094389236831
9140131129174391548
9142558700175068975
9143500886864023950
9143984795300319008
9145165690542657766
9146550784453526781
9149628528565181051
9151354198910864001
9153237722801019941
9153483496593774403
9155193398525829223
9155648016629670907
9158937053630753301
9159983831355340491
9160682417984383369
9161441213034397342
9161690270641169227
9164933177492179906
9167231102933066891
9167947745985045853
9168024880738960967
9168119955206161561
9172200175581226189
9172276419024123497
9178753920693718778
9180337559464268342
9180948207818603822
9183183380140968081
9186848303541621678
9188583277700777821
9189428476231957823
9189950527075994314
9190212019601447418
9191719166145546633
9192333243025423047
9192710444698237919
9193206843015557111
9193971651653731960
9196300172559748316
9197927722630368999
9203228237490612992
9206248349938997672
9208324109226866599
9209898066191880576
9211319822599160757
9212707159765522898
9214291883963657670
9215486904397844530
9219945828273227929
9221716073527832119